[{"model": "admin.logentry", "pk": 1, "fields": {"action_time": "2022-08-27T12:39:21.780Z", "user": 1, "content_type": 5, "object_id": "1", "object_repr": "adidas", "action_flag": 1, "change_message": "[{\"added\": {}}]"}}, {"model": "admin.logentry", "pk": 2, "fields": {"action_time": "2022-08-27T12:39:28.294Z", "user": 1, "content_type": 5, "object_id": "2", "object_repr": "Nike", "action_flag": 1, "change_message": "[{\"added\": {}}]"}}, {"model": "admin.logentry", "pk": 3, "fields": {"action_time": "2022-08-27T12:39:36.349Z", "user": 1, "content_type": 8, "object_id": "1", "object_repr": "XS", "action_flag": 1, "change_message": "[{\"added\": {}}]"}}, {"model": "admin.logentry", "pk": 4, "fields": {"action_time": "2022-08-27T12:39:40.224Z", "user": 1, "content_type": 8, "object_id": "2", "object_repr": "S", "action_flag": 1, "change_message": "[{\"added\": {}}]"}}, {"model": "admin.logentry", "pk": 5, "fields": {"action_time": "2022-08-27T12:39:42.591Z", "user": 1, "content_type": 8, "object_id": "3", "object_repr": "M", "action_flag": 1, "change_message": "[{\"added\": {}}]"}}, {"model": "admin.logentry", "pk": 6, "fields": {"action_time": "2022-08-27T12:39:44.838Z", "user": 1, "content_type": 8, "object_id": "4", "object_repr": "L", "action_flag": 1, "change_message": "[{\"added\": {}}]"}}, {"model": "admin.logentry", "pk": 7, "fields": {"action_time": "2022-08-27T12:39:47.231Z", "user": 1, "content_type": 8, "object_id": "5", "object_repr": "XL", "action_flag": 1, "change_message": "[{\"added\": {}}]"}}, {"model": "admin.logentry", "pk": 8, "fields": {"action_time": "2022-08-27T12:39:49.638Z", "user": 1, "content_type": 8, "object_id": "6", "object_repr": "2XL", "action_flag": 1, "change_message": "[{\"added\": {}}]"}}, {"model": "admin.logentry", "pk": 9, "fields": {"action_time": "2022-08-27T12:52:26.118Z", "user": 1, "content_type": 6, "object_id": "1", "object_repr": "T shirt", "action_flag": 1, "change_message": "[{\"added\": {}}]"}}, {"model": "admin.logentry", "pk": 10, "fields": {"action_time": "2022-08-27T12:52:31.078Z", "user": 1, "content_type": 6, "object_id": "2", "object_repr": "trousers", "action_flag": 1, "change_message": "[{\"added\": {}}]"}}, {"model": "admin.logentry", "pk": 11, "fields": {"action_time": "2022-08-27T12:52:39.042Z", "user": 1, "content_type": 6, "object_id": "3", "object_repr": "Shoes", "action_flag": 1, "change_message": "[{\"added\": {}}]"}}, {"model": "admin.logentry", "pk": 12, "fields": {"action_time": "2022-08-27T12:52:44.892Z", "user": 1, "content_type": 6, "object_id": "4", "object_repr": "bags", "action_flag": 1, "change_message": "[{\"added\": {}}]"}}, {"model": "admin.logentry", "pk": 13, "fields": {"action_time": "2022-08-27T12:59:49.491Z", "user": 1, "content_type": 6, "object_id": "5", "object_repr": "sportswear", "action_flag": 1, "change_message": "[{\"added\": {}}]"}}, {"model": "admin.logentry", "pk": 14, "fields": {"action_time": "2022-08-27T14:36:15.747Z", "user": 1, "content_type": 6, "object_id": "5", "object_repr": "MENS", "action_flag": 2, "change_message": "[{\"changed\": {\"fields\": [\"Category name \"]}}]"}}, {"model": "admin.logentry", "pk": 15, "fields": {"action_time": "2022-08-27T14:40:02.429Z", "user": 1, "content_type": 6, "object_id": "4", "object_repr": "bags", "action_flag": 3, "change_message": ""}}, {"model": "admin.logentry", "pk": 16, "fields": {"action_time": "2022-08-27T14:40:02.459Z", "user": 1, "content_type": 6, "object_id": "3", "object_repr": "Shoes", "action_flag": 3, "change_message": ""}}, {"model": "admin.logentry", "pk": 17, "fields": {"action_time": "2022-08-27T14:40:02.465Z", "user": 1, "content_type": 6, "object_id": "2", "object_repr": "trousers", "action_flag": 3, "change_message": ""}}, {"model": "admin.logentry", "pk": 18, "fields": {"action_time": "2022-08-27T14:40:02.469Z", "user": 1, "content_type": 6, "object_id": "1", "object_repr": "T shirt", "action_flag": 3, "change_message": ""}}, {"model": "admin.logentry", "pk": 19, "fields": {"action_time": "2022-08-27T14:40:21.363Z", "user": 1, "content_type": 6, "object_id": "6", "object_repr": "T shirt", "action_flag": 1, "change_message": "[{\"added\": {}}]"}}, {"model": "admin.logentry", "pk": 20, "fields": {"action_time": "2022-08-27T14:40:51.023Z", "user": 1, "content_type": 6, "object_id": "7", "object_repr": "trousers", "action_flag": 1, "change_message": "[{\"added\": {}}]"}}, {"model": "admin.logentry", "pk": 21, "fields": {"action_time": "2022-08-27T14:41:39.243Z", "user": 1, "content_type": 6, "object_id": "8", "object_repr": "Shoes", "action_flag": 1, "change_message": "[{\"added\": {}}]"}}, {"model": "admin.logentry", "pk": 22, "fields": {"action_time": "2022-08-27T14:43:38.860Z", "user": 1, "content_type": 6, "object_id": "9", "object_repr": "KIDS", "action_flag": 1, "change_message": "[{\"added\": {}}]"}}, {"model": "admin.logentry", "pk": 23, "fields": {"action_time": "2022-08-27T14:43:53.489Z", "user": 1, "content_type": 6, "object_id": "10", "object_repr": "SPORTS", "action_flag": 1, "change_message": "[{\"added\": {}}]"}}, {"model": "admin.logentry", "pk": 24, "fields": {"action_time": "2022-08-27T14:47:38.930Z", "user": 1, "content_type": 6, "object_id": "11", "object_repr": "BRANDS", "action_flag": 1, "change_message": "[{\"added\": {}}]"}}, {"model": "admin.logentry", "pk": 25, "fields": {"action_time": "2022-08-27T14:47:50.352Z", "user": 1, "content_type": 6, "object_id": "12", "object_repr": "NIKE", "action_flag": 1, "change_message": "[{\"added\": {}}]"}}, {"model": "admin.logentry", "pk": 26, "fields": {"action_time": "2022-08-27T14:48:00.998Z", "user": 1, "content_type": 6, "object_id": "13", "object_repr": "ADIDAS", "action_flag": 1, "change_message": "[{\"added\": {}}]"}}, {"model": "admin.logentry", "pk": 27, "fields": {"action_time": "2022-08-27T14:48:57.826Z", "user": 1, "content_type": 6, "object_id": "14", "object_repr": "LADIES", "action_flag": 1, "change_message": "[{\"added\": {}}]"}}, {"model": "admin.logentry", "pk": 28, "fields": {"action_time": "2022-08-27T14:51:02.753Z", "user": 1, "content_type": 6, "object_id": "15", "object_repr": "SHOES", "action_flag": 1, "change_message": "[{\"added\": {}}]"}}, {"model": "admin.logentry", "pk": 29, "fields": {"action_time": "2022-08-27T14:58:19.534Z", "user": 1, "content_type": 6, "object_id": "7", "object_repr": "JEANS", "action_flag": 2, "change_message": "[{\"changed\": {\"fields\": [\"Category name \"]}}]"}}, {"model": "admin.logentry", "pk": 30, "fields": {"action_time": "2022-08-27T15:08:22.972Z", "user": 1, "content_type": 6, "object_id": "16", "object_repr": "CLASSIC", "action_flag": 1, "change_message": "[{\"added\": {}}]"}}, {"model": "admin.logentry", "pk": 31, "fields": {"action_time": "2022-08-27T15:08:38.181Z", "user": 1, "content_type": 6, "object_id": "17", "object_repr": "SPORTS", "action_flag": 1, "change_message": "[{\"added\": {}}]"}}, {"model": "admin.logentry", "pk": 32, "fields": {"action_time": "2022-08-27T17:40:00.388Z", "user": 1, "content_type": 10, "object_id": "1", "object_repr": "Nike Air Force 1 '07 Essential", "action_flag": 1, "change_message": "[{\"added\": {}}, {\"added\": {\"name\": \"image\", \"object\": \"Nike Air Force 1 '07 Essential\"}}, {\"added\": {\"name\": \"image\", \"object\": \"Nike Air Force 1 '07 Essential\"}}, {\"added\": {\"name\": \"image\", \"object\": \"Nike Air Force 1 '07 Essential\"}}, {\"added\": {\"name\": \"image\", \"object\": \"Nike Air Force 1 '07 Essential\"}}, {\"added\": {\"name\": \"product size\", \"object\": \"Nike Air Force 1 '07 Essential\"}}]"}}, {"model": "admin.logentry", "pk": 33, "fields": {"action_time": "2022-08-27T17:45:38.374Z", "user": 1, "content_type": 10, "object_id": "2", "object_repr": "Nike Air Force 1 '07", "action_flag": 1, "change_message": "[{\"added\": {}}, {\"added\": {\"name\": \"image\", \"object\": \"Nike Air Force 1 '07\"}}, {\"added\": {\"name\": \"image\", \"object\": \"Nike Air Force 1 '07\"}}, {\"added\": {\"name\": \"image\", \"object\": \"Nike Air Force 1 '07\"}}, {\"added\": {\"name\": \"image\", \"object\": \"Nike Air Force 1 '07\"}}, {\"added\": {\"name\": \"product size\", \"object\": \"Nike Air Force 1 '07\"}}]"}}, {"model": "admin.logentry", "pk": 34, "fields": {"action_time": "2022-08-27T17:49:11.988Z", "user": 1, "content_type": 10, "object_id": "3", "object_repr": "Nike Air Force 1 Sage Low LX", "action_flag": 1, "change_message": "[{\"added\": {}}, {\"added\": {\"name\": \"image\", \"object\": \"Nike Air Force 1 Sage Low LX\"}}, {\"added\": {\"name\": \"image\", \"object\": \"Nike Air Force 1 Sage Low LX\"}}, {\"added\": {\"name\": \"image\", \"object\": \"Nike Air Force 1 Sage Low LX\"}}, {\"added\": {\"name\": \"image\", \"object\": \"Nike Air Force 1 Sage Low LX\"}}]"}}, {"model": "admin.logentry", "pk": 35, "fields": {"action_time": "2022-08-27T17:49:50.604Z", "user": 1, "content_type": 10, "object_id": "2", "object_repr": "Nike Air Force 1 '07", "action_flag": 2, "change_message": "[{\"changed\": {\"fields\": [\"Is active\"]}}]"}}, {"model": "admin.logentry", "pk": 36, "fields": {"action_time": "2022-08-27T17:49:58.519Z", "user": 1, "content_type": 10, "object_id": "2", "object_repr": "Nike Air Force 1 '07", "action_flag": 2, "change_message": "[]"}}, {"model": "admin.logentry", "pk": 37, "fields": {"action_time": "2022-08-27T18:21:06.138Z", "user": 1, "content_type": 10, "object_id": "4", "object_repr": "Nike P-6000 SE", "action_flag": 1, "change_message": "[{\"added\": {}}, {\"added\": {\"name\": \"image\", \"object\": \"Nike P-6000 SE\"}}, {\"added\": {\"name\": \"image\", \"object\": \"Nike P-6000 SE\"}}, {\"added\": {\"name\": \"image\", \"object\": \"Nike P-6000 SE\"}}, {\"added\": {\"name\": \"image\", \"object\": \"Nike P-6000 SE\"}}, {\"added\": {\"name\": \"product size\", \"object\": \"Nike P-6000 SE\"}}]"}}, {"model": "admin.logentry", "pk": 38, "fields": {"action_time": "2022-08-27T18:22:37.108Z", "user": 1, "content_type": 10, "object_id": "5", "object_repr": "Air Jordan 8 Retro", "action_flag": 1, "change_message": "[{\"added\": {}}, {\"added\": {\"name\": \"image\", \"object\": \"Air Jordan 8 Retro\"}}, {\"added\": {\"name\": \"image\", \"object\": \"Air Jordan 8 Retro\"}}, {\"added\": {\"name\": \"image\", \"object\": \"Air Jordan 8 Retro\"}}, {\"added\": {\"name\": \"image\", \"object\": \"Air Jordan 8 Retro\"}}]"}}, {"model": "admin.logentry", "pk": 39, "fields": {"action_time": "2022-08-27T18:48:23.280Z", "user": 1, "content_type": 10, "object_id": "5", "object_repr": "Air Jordan 8 Retro", "action_flag": 2, "change_message": "[{\"changed\": {\"fields\": [\"Image\"]}}, {\"deleted\": {\"name\": \"image\", \"object\": \"Air Jordan 8 Retro\"}}]"}}, {"model": "admin.logentry", "pk": 40, "fields": {"action_time": "2022-08-27T18:48:42.776Z", "user": 1, "content_type": 10, "object_id": "4", "object_repr": "Nike P-6000 SE", "action_flag": 2, "change_message": "[{\"changed\": {\"fields\": [\"Image\"]}}, {\"deleted\": {\"name\": \"image\", \"object\": \"Nike P-6000 SE\"}}]"}}, {"model": "admin.logentry", "pk": 41, "fields": {"action_time": "2022-08-27T18:48:58.617Z", "user": 1, "content_type": 10, "object_id": "3", "object_repr": "Nike Air Force 1 Sage Low LX", "action_flag": 2, "change_message": "[{\"changed\": {\"fields\": [\"Image\"]}}, {\"deleted\": {\"name\": \"image\", \"object\": \"Nike Air Force 1 Sage Low LX\"}}]"}}, {"model": "admin.logentry", "pk": 42, "fields": {"action_time": "2022-08-27T18:49:14.163Z", "user": 1, "content_type": 10, "object_id": "2", "object_repr": "Nike Air Force 1 '07", "action_flag": 2, "change_message": "[{\"changed\": {\"fields\": [\"Image\"]}}, {\"deleted\": {\"name\": \"image\", \"object\": \"Nike Air Force 1 '07\"}}]"}}, {"model": "admin.logentry", "pk": 43, "fields": {"action_time": "2022-08-27T18:49:29.397Z", "user": 1, "content_type": 10, "object_id": "1", "object_repr": "Nike Air Force 1 '07 Essential", "action_flag": 2, "change_message": "[{\"changed\": {\"fields\": [\"Image\"]}}, {\"deleted\": {\"name\": \"image\", \"object\": \"Nike Air Force 1 '07 Essential\"}}]"}}, {"model": "admin.logentry", "pk": 44, "fields": {"action_time": "2022-08-27T23:08:16.009Z", "user": 1, "content_type": 10, "object_id": "5", "object_repr": "Air Jordan 8 Retro", "action_flag": 2, "change_message": "[{\"changed\": {\"fields\": [\"Discount\", \"Is active\"]}}]"}}, {"model": "admin.logentry", "pk": 45, "fields": {"action_time": "2022-08-28T01:35:45.612Z", "user": 1, "content_type": 10, "object_id": "5", "object_repr": "Air Jordan 8 Retro", "action_flag": 2, "change_message": "[{\"changed\": {\"fields\": [\"Status\"]}}, {\"added\": {\"name\": \"product size\", \"object\": \"Air Jordan 8 Retro\"}}, {\"added\": {\"name\": \"product size\", \"object\": \"Air Jordan 8 Retro\"}}]"}}, {"model": "admin.logentry", "pk": 46, "fields": {"action_time": "2022-08-28T01:35:58.534Z", "user": 1, "content_type": 10, "object_id": "4", "object_repr": "Nike P-6000 SE", "action_flag": 2, "change_message": "[{\"changed\": {\"fields\": [\"Status\"]}}, {\"added\": {\"name\": \"product size\", \"object\": \"Nike P-6000 SE\"}}, {\"changed\": {\"name\": \"product size\", \"object\": \"Nike P-6000 SE\", \"fields\": [\"Size\"]}}]"}}, {"model": "admin.logentry", "pk": 47, "fields": {"action_time": "2022-08-28T01:36:10.341Z", "user": 1, "content_type": 10, "object_id": "1", "object_repr": "Nike Air Force 1 '07 Essential", "action_flag": 2, "change_message": "[{\"changed\": {\"fields\": [\"Status\"]}}, {\"added\": {\"name\": \"product size\", \"object\": \"Nike Air Force 1 '07 Essential\"}}, {\"changed\": {\"name\": \"product size\", \"object\": \"Nike Air Force 1 '07 Essential\", \"fields\": [\"Size\"]}}]"}}, {"model": "admin.logentry", "pk": 48, "fields": {"action_time": "2022-08-28T01:36:19.553Z", "user": 1, "content_type": 10, "object_id": "3", "object_repr": "Nike Air Force 1 Sage Low LX", "action_flag": 2, "change_message": "[{\"changed\": {\"fields\": [\"Status\"]}}, {\"added\": {\"name\": \"product size\", \"object\": \"Nike Air Force 1 Sage Low LX\"}}]"}}, {"model": "admin.logentry", "pk": 49, "fields": {"action_time": "2022-08-28T14:59:48.413Z", "user": 1, "content_type": 10, "object_id": "5", "object_repr": "Air Jordan 8 Retro", "action_flag": 2, "change_message": "[{\"added\": {\"name\": \"product size\", \"object\": \"Air Jordan 8 Retro\"}}, {\"changed\": {\"name\": \"product size\", \"object\": \"Air Jordan 8 Retro\", \"fields\": [\"Size\", \"Size\", \"Color\"]}}, {\"changed\": {\"name\": \"product size\", \"object\": \"Air Jordan 8 Retro\", \"fields\": [\"Size\", \"Size\", \"Color\"]}}]"}}, {"model": "admin.logentry", "pk": 50, "fields": {"action_time": "2022-08-28T15:00:09.876Z", "user": 1, "content_type": 10, "object_id": "4", "object_repr": "Nike P-6000 SE", "action_flag": 2, "change_message": "[{\"added\": {\"name\": \"product size\", \"object\": \"Nike P-6000 SE\"}}, {\"changed\": {\"name\": \"product size\", \"object\": \"Nike P-6000 SE\", \"fields\": [\"Size\", \"Size\"]}}, {\"changed\": {\"name\": \"product size\", \"object\": \"Nike P-6000 SE\", \"fields\": [\"Size\", \"Size\"]}}]"}}, {"model": "admin.logentry", "pk": 51, "fields": {"action_time": "2022-08-28T15:00:25.426Z", "user": 1, "content_type": 10, "object_id": "1", "object_repr": "Nike Air Force 1 '07 Essential", "action_flag": 2, "change_message": "[{\"added\": {\"name\": \"product size\", \"object\": \"Nike Air Force 1 '07 Essential\"}}, {\"changed\": {\"name\": \"product size\", \"object\": \"Nike Air Force 1 '07 Essential\", \"fields\": [\"Size\", \"Size\"]}}, {\"changed\": {\"name\": \"product size\", \"object\": \"Nike Air Force 1 '07 Essential\", \"fields\": [\"Size\", \"Size\"]}}]"}}, {"model": "admin.logentry", "pk": 52, "fields": {"action_time": "2022-08-28T15:00:42.435Z", "user": 1, "content_type": 10, "object_id": "2", "object_repr": "Nike Air Force 1 '07", "action_flag": 2, "change_message": "[{\"changed\": {\"fields\": [\"Status\"]}}, {\"added\": {\"name\": \"product size\", \"object\": \"Nike Air Force 1 '07\"}}, {\"changed\": {\"name\": \"product size\", \"object\": \"Nike Air Force 1 '07\", \"fields\": [\"Size\"]}}]"}}, {"model": "admin.logentry", "pk": 53, "fields": {"action_time": "2022-08-28T15:01:00.948Z", "user": 1, "content_type": 10, "object_id": "3", "object_repr": "Nike Air Force 1 Sage Low LX", "action_flag": 2, "change_message": "[{\"added\": {\"name\": \"product size\", \"object\": \"Nike Air Force 1 Sage Low LX\"}}, {\"changed\": {\"name\": \"product size\", \"object\": \"Nike Air Force 1 Sage Low LX\", \"fields\": [\"Size\", \"Size\"]}}]"}}, {"model": "admin.logentry", "pk": 54, "fields": {"action_time": "2022-08-28T15:03:29.540Z", "user": 1, "content_type": 10, "object_id": "1", "object_repr": "Nike Air Force 1 '07 Essential", "action_flag": 2, "change_message": "[{\"changed\": {\"name\": \"product size\", \"object\": \"Nike Air Force 1 '07 Essential\", \"fields\": [\"Color\"]}}, {\"changed\": {\"name\": \"product size\", \"object\": \"Nike Air Force 1 '07 Essential\", \"fields\": [\"Color\"]}}, {\"changed\": {\"name\": \"product size\", \"object\": \"Nike Air Force 1 '07 Essential\", \"fields\": [\"Color\"]}}]"}}, {"model": "admin.logentry", "pk": 55, "fields": {"action_time": "2022-08-29T00:40:46.928Z", "user": 1, "content_type": 10, "object_id": "6", "object_repr": "Beach Shorts", "action_flag": 1, "change_message": "[{\"added\": {}}, {\"added\": {\"name\": \"image\", \"object\": \"Beach Shorts\"}}, {\"added\": {\"name\": \"image\", \"object\": \"Beach Shorts\"}}, {\"added\": {\"name\": \"image\", \"object\": \"Beach Shorts\"}}, {\"added\": {\"name\": \"image\", \"object\": \"Beach Shorts\"}}, {\"added\": {\"name\": \"image\", \"object\": \"Beach Shorts\"}}, {\"added\": {\"name\": \"image\", \"object\": \"Beach Shorts\"}}, {\"added\": {\"name\": \"image\", \"object\": \"Beach Shorts\"}}, {\"added\": {\"name\": \"product size\", \"object\": \"Beach Shorts\"}}]"}}, {"model": "admin.logentry", "pk": 56, "fields": {"action_time": "2022-08-29T00:44:25.846Z", "user": 1, "content_type": 10, "object_id": "7", "object_repr": "Five Ten Kestrel Lace Mountain Bike Shoes", "action_flag": 1, "change_message": "[{\"added\": {}}, {\"added\": {\"name\": \"image\", \"object\": \"Five Ten Kestrel Lace Mountain Bike Shoes\"}}, {\"added\": {\"name\": \"image\", \"object\": \"Five Ten Kestrel Lace Mountain Bike Shoes\"}}, {\"added\": {\"name\": \"image\", \"object\": \"Five Ten Kestrel Lace Mountain Bike Shoes\"}}, {\"added\": {\"name\": \"image\", \"object\": \"Five Ten Kestrel Lace Mountain Bike Shoes\"}}, {\"added\": {\"name\": \"product size\", \"object\": \"Five Ten Kestrel Lace Mountain Bike Shoes\"}}, {\"added\": {\"name\": \"product size\", \"object\": \"Five Ten Kestrel Lace Mountain Bike Shoes\"}}]"}}, {"model": "admin.logentry", "pk": 57, "fields": {"action_time": "2022-08-29T00:45:43.684Z", "user": 1, "content_type": 10, "object_id": "6", "object_repr": "Beach Shorts", "action_flag": 2, "change_message": "[{\"changed\": {\"fields\": [\"Image\"]}}]"}}, {"model": "admin.logentry", "pk": 58, "fields": {"action_time": "2022-08-29T00:46:27.028Z", "user": 1, "content_type": 10, "object_id": "6", "object_repr": "Beach Shorts", "action_flag": 3, "change_message": ""}}, {"model": "admin.logentry", "pk": 59, "fields": {"action_time": "2022-08-29T00:50:33.862Z", "user": 1, "content_type": 10, "object_id": "8", "object_repr": "Mexico Away Jersey", "action_flag": 1, "change_message": "[{\"added\": {}}, {\"added\": {\"name\": \"image\", \"object\": \"Mexico Away Jersey\"}}, {\"added\": {\"name\": \"image\", \"object\": \"Mexico Away Jersey\"}}, {\"added\": {\"name\": \"image\", \"object\": \"Mexico Away Jersey\"}}, {\"added\": {\"name\": \"image\", \"object\": \"Mexico Away Jersey\"}}, {\"added\": {\"name\": \"product size\", \"object\": \"Mexico Away Jersey\"}}, {\"added\": {\"name\": \"product size\", \"object\": \"Mexico Away Jersey\"}}]"}}, {"model": "admin.logentry", "pk": 60, "fields": {"action_time": "2022-08-30T15:32:12.736Z", "user": 1, "content_type": 6, "object_id": "18", "object_repr": "Sweatshirt", "action_flag": 1, "change_message": "[{\"added\": {}}]"}}, {"model": "admin.logentry", "pk": 61, "fields": {"action_time": "2022-08-30T15:37:50.406Z", "user": 1, "content_type": 10, "object_id": "9", "object_repr": "Future Icons Animal", "action_flag": 1, "change_message": "[{\"added\": {}}, {\"added\": {\"name\": \"image\", \"object\": \"Future Icons Animal\"}}, {\"added\": {\"name\": \"image\", \"object\": \"Future Icons Animal\"}}, {\"added\": {\"name\": \"image\", \"object\": \"Future Icons Animal\"}}, {\"added\": {\"name\": \"image\", \"object\": \"Future Icons Animal\"}}, {\"added\": {\"name\": \"product size\", \"object\": \"Future Icons Animal\"}}, {\"added\": {\"name\": \"product size\", \"object\": \"Future Icons Animal\"}}, {\"added\": {\"name\": \"product size\", \"object\": \"Future Icons Animal\"}}]"}}, {"model": "admin.logentry", "pk": 62, "fields": {"action_time": "2022-08-30T15:41:08.320Z", "user": 1, "content_type": 10, "object_id": "10", "object_repr": "Adicolor Oversized Sweatshirt", "action_flag": 1, "change_message": "[{\"added\": {}}, {\"added\": {\"name\": \"image\", \"object\": \"Adicolor Oversized Sweatshirt\"}}, {\"added\": {\"name\": \"image\", \"object\": \"Adicolor Oversized Sweatshirt\"}}, {\"added\": {\"name\": \"image\", \"object\": \"Adicolor Oversized Sweatshirt\"}}, {\"added\": {\"name\": \"image\", \"object\": \"Adicolor Oversized Sweatshirt\"}}, {\"added\": {\"name\": \"image\", \"object\": \"Adicolor Oversized Sweatshirt\"}}, {\"added\": {\"name\": \"image\", \"object\": \"Adicolor Oversized Sweatshirt\"}}, {\"added\": {\"name\": \"product size\", \"object\": \"Adicolor Oversized Sweatshirt\"}}, {\"added\": {\"name\": \"product size\", \"object\": \"Adicolor Oversized Sweatshirt\"}}, {\"added\": {\"name\": \"product size\", \"object\": \"Adicolor Oversized Sweatshirt\"}}, {\"added\": {\"name\": \"product size\", \"object\": \"Adicolor Oversized Sweatshirt\"}}]"}}, {"model": "admin.logentry", "pk": 63, "fields": {"action_time": "2022-09-02T17:24:07.557Z", "user": 1, "content_type": 10, "object_id": "3", "object_repr": "Nike Air Force 1 Sage Low LX", "action_flag": 2, "change_message": "[]"}}, {"model": "admin.logentry", "pk": 64, "fields": {"action_time": "2022-09-02T17:24:14.632Z", "user": 1, "content_type": 10, "object_id": "10", "object_repr": "Adicolor Oversized Sweatshirt", "action_flag": 2, "change_message": "[]"}}, {"model": "admin.logentry", "pk": 65, "fields": {"action_time": "2022-09-02T17:24:19.573Z", "user": 1, "content_type": 10, "object_id": "9", "object_repr": "Future Icons Animal", "action_flag": 2, "change_message": "[]"}}, {"model": "admin.logentry", "pk": 66, "fields": {"action_time": "2022-09-02T17:24:24.248Z", "user": 1, "content_type": 10, "object_id": "8", "object_repr": "Mexico Away Jersey", "action_flag": 2, "change_message": "[]"}}, {"model": "admin.logentry", "pk": 67, "fields": {"action_time": "2022-09-02T17:24:34.771Z", "user": 1, "content_type": 10, "object_id": "7", "object_repr": "Five Ten Kestrel Lace Mountain Bike Shoes", "action_flag": 2, "change_message": "[]"}}, {"model": "admin.logentry", "pk": 68, "fields": {"action_time": "2022-09-02T17:24:39.872Z", "user": 1, "content_type": 10, "object_id": "5", "object_repr": "Air Jordan 8 Retro", "action_flag": 2, "change_message": "[]"}}, {"model": "admin.logentry", "pk": 69, "fields": {"action_time": "2022-09-02T17:24:46.047Z", "user": 1, "content_type": 10, "object_id": "4", "object_repr": "Nike P-6000 SE", "action_flag": 2, "change_message": "[]"}}, {"model": "admin.logentry", "pk": 70, "fields": {"action_time": "2022-09-02T17:24:51.822Z", "user": 1, "content_type": 10, "object_id": "4", "object_repr": "Nike P-6000 SE", "action_flag": 2, "change_message": "[]"}}, {"model": "admin.logentry", "pk": 71, "fields": {"action_time": "2022-09-02T17:24:57.704Z", "user": 1, "content_type": 10, "object_id": "3", "object_repr": "Nike Air Force 1 Sage Low LX", "action_flag": 2, "change_message": "[]"}}, {"model": "admin.logentry", "pk": 72, "fields": {"action_time": "2022-09-02T17:25:10.921Z", "user": 1, "content_type": 10, "object_id": "2", "object_repr": "Nike Air Force 1 '07", "action_flag": 2, "change_message": "[]"}}, {"model": "admin.logentry", "pk": 73, "fields": {"action_time": "2022-09-02T17:25:15.537Z", "user": 1, "content_type": 10, "object_id": "1", "object_repr": "Nike Air Force 1 '07 Essential", "action_flag": 2, "change_message": "[]"}}, {"model": "admin.logentry", "pk": 74, "fields": {"action_time": "2022-09-02T21:57:19.998Z", "user": 1, "content_type": 10, "object_id": "5", "object_repr": "Air Jordan 8 Retro", "action_flag": 2, "change_message": "[{\"changed\": {\"fields\": [\"Category name\"]}}]"}}, {"model": "admin.logentry", "pk": 75, "fields": {"action_time": "2022-09-02T23:23:29.032Z", "user": 1, "content_type": 10, "object_id": "4", "object_repr": "Nike P-6000 SE", "action_flag": 2, "change_message": "[{\"changed\": {\"name\": \"image\", \"object\": \"Nike P-6000 SE\", \"fields\": [\"Image\"]}}]"}}, {"model": "admin.logentry", "pk": 76, "fields": {"action_time": "2022-09-04T15:11:38.866Z", "user": 1, "content_type": 4, "object_id": "2", "object_repr": "baselwaheed66@gmail.com", "action_flag": 3, "change_message": ""}}, {"model": "admin.logentry", "pk": 77, "fields": {"action_time": "2022-09-04T15:14:44.225Z", "user": 1, "content_type": 4, "object_id": "3", "object_repr": "baselwaheed66@gmail.com", "action_flag": 3, "change_message": ""}}, {"model": "admin.logentry", "pk": 78, "fields": {"action_time": "2022-09-04T15:15:42.501Z", "user": 1, "content_type": 4, "object_id": "4", "object_repr": "baselwaheed66@gmail.com", "action_flag": 3, "change_message": ""}}, {"model": "admin.logentry", "pk": 79, "fields": {"action_time": "2022-09-04T15:36:00.008Z", "user": 1, "content_type": 4, "object_id": "7", "object_repr": "djbsdbjsdhfb@gmil.com", "action_flag": 3, "change_message": ""}}, {"model": "admin.logentry", "pk": 80, "fields": {"action_time": "2022-09-04T15:36:00.024Z", "user": 1, "content_type": 4, "object_id": "6", "object_repr": "djbsdbjsdhafb@gmail.com", "action_flag": 3, "change_message": ""}}, {"model": "admin.logentry", "pk": 81, "fields": {"action_time": "2022-09-04T15:36:00.025Z", "user": 1, "content_type": 4, "object_id": "5", "object_repr": "baselwaheed66@gmail.com", "action_flag": 3, "change_message": ""}}, {"model": "admin.logentry", "pk": 82, "fields": {"action_time": "2022-09-04T20:31:13.146Z", "user": 1, "content_type": 18, "object_id": "2", "object_repr": "2", "action_flag": 3, "change_message": ""}}, {"model": "admin.logentry", "pk": 83, "fields": {"action_time": "2022-09-04T20:31:13.158Z", "user": 1, "content_type": 18, "object_id": "1", "object_repr": "1", "action_flag": 3, "change_message": ""}}, {"model": "admin.logentry", "pk": 84, "fields": {"action_time": "2022-09-04T20:32:35.834Z", "user": 1, "content_type": 18, "object_id": "4", "object_repr": "4", "action_flag": 3, "change_message": ""}}, {"model": "admin.logentry", "pk": 85, "fields": {"action_time": "2022-09-04T20:32:35.836Z", "user": 1, "content_type": 18, "object_id": "3", "object_repr": "3", "action_flag": 3, "change_message": ""}}, {"model": "admin.logentry", "pk": 86, "fields": {"action_time": "2022-09-05T19:22:18.507Z", "user": 1, "content_type": 16, "object_id": "11", "object_repr": "Nike P-6000 SE", "action_flag": 3, "change_message": ""}}, {"model": "admin.logentry", "pk": 87, "fields": {"action_time": "2022-09-05T19:22:18.564Z", "user": 1, "content_type": 16, "object_id": "10", "object_repr": "Nike Air Force 1 '07", "action_flag": 3, "change_message": ""}}, {"model": "admin.logentry", "pk": 88, "fields": {"action_time": "2022-09-05T19:22:18.565Z", "user": 1, "content_type": 16, "object_id": "9", "object_repr": "Nike Air Force 1 Sage Low LX", "action_flag": 3, "change_message": ""}}, {"model": "admin.logentry", "pk": 89, "fields": {"action_time": "2022-09-05T19:22:18.566Z", "user": 1, "content_type": 16, "object_id": "8", "object_repr": "Air Jordan 8 Retro", "action_flag": 3, "change_message": ""}}, {"model": "admin.logentry", "pk": 90, "fields": {"action_time": "2022-09-05T19:22:18.566Z", "user": 1, "content_type": 16, "object_id": "7", "object_repr": "Nike Air Force 1 '07 Essential", "action_flag": 3, "change_message": ""}}, {"model": "admin.logentry", "pk": 91, "fields": {"action_time": "2022-09-05T19:22:18.568Z", "user": 1, "content_type": 16, "object_id": "6", "object_repr": "Adicolor Oversized Sweatshirt", "action_flag": 3, "change_message": ""}}, {"model": "admin.logentry", "pk": 92, "fields": {"action_time": "2022-09-05T19:22:18.570Z", "user": 1, "content_type": 16, "object_id": "5", "object_repr": "Five Ten Kestrel Lace Mountain Bike Shoes", "action_flag": 3, "change_message": ""}}, {"model": "admin.logentry", "pk": 93, "fields": {"action_time": "2022-09-05T19:22:18.571Z", "user": 1, "content_type": 16, "object_id": "4", "object_repr": "Mexico Away Jersey", "action_flag": 3, "change_message": ""}}, {"model": "admin.logentry", "pk": 94, "fields": {"action_time": "2022-09-05T19:22:18.572Z", "user": 1, "content_type": 16, "object_id": "3", "object_repr": "Future Icons Animal", "action_flag": 3, "change_message": ""}}, {"model": "admin.logentry", "pk": 95, "fields": {"action_time": "2022-09-05T19:31:58.210Z", "user": 1, "content_type": 16, "object_id": "15", "object_repr": "Future Icons Animal", "action_flag": 3, "change_message": ""}}, {"model": "admin.logentry", "pk": 96, "fields": {"action_time": "2022-09-05T19:31:58.212Z", "user": 1, "content_type": 16, "object_id": "14", "object_repr": "Five Ten Kestrel Lace Mountain Bike Shoes", "action_flag": 3, "change_message": ""}}, {"model": "admin.logentry", "pk": 97, "fields": {"action_time": "2022-09-05T19:31:58.213Z", "user": 1, "content_type": 16, "object_id": "13", "object_repr": "Mexico Away Jersey", "action_flag": 3, "change_message": ""}}, {"model": "admin.logentry", "pk": 98, "fields": {"action_time": "2022-09-05T19:31:58.214Z", "user": 1, "content_type": 16, "object_id": "12", "object_repr": "Adicolor Oversized Sweatshirt", "action_flag": 3, "change_message": ""}}, {"model": "admin.logentry", "pk": 99, "fields": {"action_time": "2022-09-05T20:57:59.308Z", "user": 1, "content_type": 16, "object_id": "18", "object_repr": "Five Ten Kestrel Lace Mountain Bike Shoes", "action_flag": 3, "change_message": ""}}, {"model": "admin.logentry", "pk": 100, "fields": {"action_time": "2022-09-05T20:57:59.366Z", "user": 1, "content_type": 16, "object_id": "17", "object_repr": "Mexico Away Jersey", "action_flag": 3, "change_message": ""}}, {"model": "admin.logentry", "pk": 101, "fields": {"action_time": "2022-09-05T20:57:59.367Z", "user": 1, "content_type": 16, "object_id": "16", "object_repr": "Future Icons Animal", "action_flag": 3, "change_message": ""}}, {"model": "admin.logentry", "pk": 102, "fields": {"action_time": "2022-09-05T21:21:44.007Z", "user": 1, "content_type": 18, "object_id": "5", "object_repr": "5", "action_flag": 3, "change_message": ""}}, {"model": "admin.logentry", "pk": 103, "fields": {"action_time": "2022-09-06T00:29:11.780Z", "user": 1, "content_type": 16, "object_id": "8", "object_repr": "Mexico Away Jersey", "action_flag": 3, "change_message": ""}}, {"model": "admin.logentry", "pk": 104, "fields": {"action_time": "2022-09-06T00:29:11.785Z", "user": 1, "content_type": 16, "object_id": "7", "object_repr": "Future Icons Animal", "action_flag": 3, "change_message": ""}}, {"model": "admin.logentry", "pk": 105, "fields": {"action_time": "2022-09-06T00:29:11.786Z", "user": 1, "content_type": 16, "object_id": "6", "object_repr": "Five Ten Kestrel Lace Mountain Bike Shoes", "action_flag": 3, "change_message": ""}}, {"model": "admin.logentry", "pk": 106, "fields": {"action_time": "2022-09-06T00:29:11.787Z", "user": 1, "content_type": 16, "object_id": "5", "object_repr": "Adicolor Oversized Sweatshirt", "action_flag": 3, "change_message": ""}}, {"model": "admin.logentry", "pk": 107, "fields": {"action_time": "2022-09-06T00:30:44.706Z", "user": 1, "content_type": 16, "object_id": "9", "object_repr": "Five Ten Kestrel Lace Mountain Bike Shoes", "action_flag": 3, "change_message": ""}}, {"model": "admin.logentry", "pk": 108, "fields": {"action_time": "2022-09-06T00:33:08.465Z", "user": 1, "content_type": 16, "object_id": "10", "object_repr": "Five Ten Kestrel Lace Mountain Bike Shoes", "action_flag": 3, "change_message": ""}}, {"model": "admin.logentry", "pk": 109, "fields": {"action_time": "2022-09-06T01:27:25.354Z", "user": 1, "content_type": 16, "object_id": "13", "object_repr": "Adicolor Oversized Sweatshirt", "action_flag": 3, "change_message": ""}}, {"model": "admin.logentry", "pk": 110, "fields": {"action_time": "2022-09-06T01:27:25.358Z", "user": 1, "content_type": 16, "object_id": "12", "object_repr": "Mexico Away Jersey", "action_flag": 3, "change_message": ""}}, {"model": "admin.logentry", "pk": 111, "fields": {"action_time": "2022-09-06T01:27:25.360Z", "user": 1, "content_type": 16, "object_id": "11", "object_repr": "Five Ten Kestrel Lace Mountain Bike Shoes", "action_flag": 3, "change_message": ""}}, {"model": "admin.logentry", "pk": 112, "fields": {"action_time": "2022-09-06T01:33:19.787Z", "user": 1, "content_type": 16, "object_id": "14", "object_repr": "Five Ten Kestrel Lace Mountain Bike Shoes", "action_flag": 3, "change_message": ""}}, {"model": "admin.logentry", "pk": 113, "fields": {"action_time": "2022-09-06T02:01:58.239Z", "user": 1, "content_type": 16, "object_id": "18", "object_repr": "Mexico Away Jersey", "action_flag": 3, "change_message": ""}}, {"model": "admin.logentry", "pk": 114, "fields": {"action_time": "2022-09-06T02:01:58.255Z", "user": 1, "content_type": 16, "object_id": "17", "object_repr": "Five Ten Kestrel Lace Mountain Bike Shoes", "action_flag": 3, "change_message": ""}}, {"model": "admin.logentry", "pk": 115, "fields": {"action_time": "2022-09-06T02:01:58.256Z", "user": 1, "content_type": 16, "object_id": "16", "object_repr": "Nike Air Force 1 Sage Low LX", "action_flag": 3, "change_message": ""}}, {"model": "admin.logentry", "pk": 116, "fields": {"action_time": "2022-09-06T02:01:58.257Z", "user": 1, "content_type": 16, "object_id": "15", "object_repr": "Nike Air Force 1 '07", "action_flag": 3, "change_message": ""}}, {"model": "admin.logentry", "pk": 117, "fields": {"action_time": "2022-09-06T02:02:05.536Z", "user": 1, "content_type": 18, "object_id": "6", "object_repr": "6", "action_flag": 3, "change_message": ""}}, {"model": "auth.permission", "pk": 1, "fields": {"name": "Can add permission", "content_type": 1, "codename": "add_permission"}}, {"model": "auth.permission", "pk": 2, "fields": {"name": "Can change permission", "content_type": 1, "codename": "change_permission"}}, {"model": "auth.permission", "pk": 3, "fields": {"name": "Can delete permission", "content_type": 1, "codename": "delete_permission"}}, {"model": "auth.permission", "pk": 4, "fields": {"name": "Can view permission", "content_type": 1, "codename": "view_permission"}}, {"model": "auth.permission", "pk": 5, "fields": {"name": "Can add group", "content_type": 2, "codename": "add_group"}}, {"model": "auth.permission", "pk": 6, "fields": {"name": "Can change group", "content_type": 2, "codename": "change_group"}}, {"model": "auth.permission", "pk": 7, "fields": {"name": "Can delete group", "content_type": 2, "codename": "delete_group"}}, {"model": "auth.permission", "pk": 8, "fields": {"name": "Can view group", "content_type": 2, "codename": "view_group"}}, {"model": "auth.permission", "pk": 9, "fields": {"name": "Can add content type", "content_type": 3, "codename": "add_contenttype"}}, {"model": "auth.permission", "pk": 10, "fields": {"name": "Can change content type", "content_type": 3, "codename": "change_contenttype"}}, {"model": "auth.permission", "pk": 11, "fields": {"name": "Can delete content type", "content_type": 3, "codename": "delete_contenttype"}}, {"model": "auth.permission", "pk": 12, "fields": {"name": "Can view content type", "content_type": 3, "codename": "view_contenttype"}}, {"model": "auth.permission", "pk": 13, "fields": {"name": "Can add custom user", "content_type": 4, "codename": "add_customuser"}}, {"model": "auth.permission", "pk": 14, "fields": {"name": "Can change custom user", "content_type": 4, "codename": "change_customuser"}}, {"model": "auth.permission", "pk": 15, "fields": {"name": "Can delete custom user", "content_type": 4, "codename": "delete_customuser"}}, {"model": "auth.permission", "pk": 16, "fields": {"name": "Can view custom user", "content_type": 4, "codename": "view_customuser"}}, {"model": "auth.permission", "pk": 17, "fields": {"name": "Can add brand", "content_type": 5, "codename": "add_brand"}}, {"model": "auth.permission", "pk": 18, "fields": {"name": "Can change brand", "content_type": 5, "codename": "change_brand"}}, {"model": "auth.permission", "pk": 19, "fields": {"name": "Can delete brand", "content_type": 5, "codename": "delete_brand"}}, {"model": "auth.permission", "pk": 20, "fields": {"name": "Can view brand", "content_type": 5, "codename": "view_brand"}}, {"model": "auth.permission", "pk": 21, "fields": {"name": "Can add category", "content_type": 6, "codename": "add_category"}}, {"model": "auth.permission", "pk": 22, "fields": {"name": "Can change category", "content_type": 6, "codename": "change_category"}}, {"model": "auth.permission", "pk": 23, "fields": {"name": "Can delete category", "content_type": 6, "codename": "delete_category"}}, {"model": "auth.permission", "pk": 24, "fields": {"name": "Can view category", "content_type": 6, "codename": "view_category"}}, {"model": "auth.permission", "pk": 25, "fields": {"name": "Can add image", "content_type": 7, "codename": "add_image"}}, {"model": "auth.permission", "pk": 26, "fields": {"name": "Can change image", "content_type": 7, "codename": "change_image"}}, {"model": "auth.permission", "pk": 27, "fields": {"name": "Can delete image", "content_type": 7, "codename": "delete_image"}}, {"model": "auth.permission", "pk": 28, "fields": {"name": "Can view image", "content_type": 7, "codename": "view_image"}}, {"model": "auth.permission", "pk": 29, "fields": {"name": "Can add size", "content_type": 8, "codename": "add_size"}}, {"model": "auth.permission", "pk": 30, "fields": {"name": "Can change size", "content_type": 8, "codename": "change_size"}}, {"model": "auth.permission", "pk": 31, "fields": {"name": "Can delete size", "content_type": 8, "codename": "delete_size"}}, {"model": "auth.permission", "pk": 32, "fields": {"name": "Can view size", "content_type": 8, "codename": "view_size"}}, {"model": "auth.permission", "pk": 33, "fields": {"name": "Can add product size", "content_type": 9, "codename": "add_productsize"}}, {"model": "auth.permission", "pk": 34, "fields": {"name": "Can change product size", "content_type": 9, "codename": "change_productsize"}}, {"model": "auth.permission", "pk": 35, "fields": {"name": "Can delete product size", "content_type": 9, "codename": "delete_productsize"}}, {"model": "auth.permission", "pk": 36, "fields": {"name": "Can view product size", "content_type": 9, "codename": "view_productsize"}}, {"model": "auth.permission", "pk": 37, "fields": {"name": "Can add product", "content_type": 10, "codename": "add_product"}}, {"model": "auth.permission", "pk": 38, "fields": {"name": "Can change product", "content_type": 10, "codename": "change_product"}}, {"model": "auth.permission", "pk": 39, "fields": {"name": "Can delete product", "content_type": 10, "codename": "delete_product"}}, {"model": "auth.permission", "pk": 40, "fields": {"name": "Can view product", "content_type": 10, "codename": "view_product"}}, {"model": "auth.permission", "pk": 41, "fields": {"name": "Can add log entry", "content_type": 11, "codename": "add_logentry"}}, {"model": "auth.permission", "pk": 42, "fields": {"name": "Can change log entry", "content_type": 11, "codename": "change_logentry"}}, {"model": "auth.permission", "pk": 43, "fields": {"name": "Can delete log entry", "content_type": 11, "codename": "delete_logentry"}}, {"model": "auth.permission", "pk": 44, "fields": {"name": "Can view log entry", "content_type": 11, "codename": "view_logentry"}}, {"model": "auth.permission", "pk": 45, "fields": {"name": "Can add session", "content_type": 12, "codename": "add_session"}}, {"model": "auth.permission", "pk": 46, "fields": {"name": "Can change session", "content_type": 12, "codename": "change_session"}}, {"model": "auth.permission", "pk": 47, "fields": {"name": "Can delete session", "content_type": 12, "codename": "delete_session"}}, {"model": "auth.permission", "pk": 48, "fields": {"name": "Can view session", "content_type": 12, "codename": "view_session"}}, {"model": "auth.permission", "pk": 49, "fields": {"name": "Can add favourite product", "content_type": 13, "codename": "add_favouriteproduct"}}, {"model": "auth.permission", "pk": 50, "fields": {"name": "Can change favourite product", "content_type": 13, "codename": "change_favouriteproduct"}}, {"model": "auth.permission", "pk": 51, "fields": {"name": "Can delete favourite product", "content_type": 13, "codename": "delete_favouriteproduct"}}, {"model": "auth.permission", "pk": 52, "fields": {"name": "Can view favourite product", "content_type": 13, "codename": "view_favouriteproduct"}}, {"model": "auth.permission", "pk": 53, "fields": {"name": "Can add shoes size", "content_type": 14, "codename": "add_shoessize"}}, {"model": "auth.permission", "pk": 54, "fields": {"name": "Can change shoes size", "content_type": 14, "codename": "change_shoessize"}}, {"model": "auth.permission", "pk": 55, "fields": {"name": "Can delete shoes size", "content_type": 14, "codename": "delete_shoessize"}}, {"model": "auth.permission", "pk": 56, "fields": {"name": "Can view shoes size", "content_type": 14, "codename": "view_shoessize"}}, {"model": "auth.permission", "pk": 57, "fields": {"name": "Can add site", "content_type": 15, "codename": "add_site"}}, {"model": "auth.permission", "pk": 58, "fields": {"name": "Can change site", "content_type": 15, "codename": "change_site"}}, {"model": "auth.permission", "pk": 59, "fields": {"name": "Can delete site", "content_type": 15, "codename": "delete_site"}}, {"model": "auth.permission", "pk": 60, "fields": {"name": "Can view site", "content_type": 15, "codename": "view_site"}}, {"model": "auth.permission", "pk": 61, "fields": {"name": "Can add cart", "content_type": 16, "codename": "add_cart"}}, {"model": "auth.permission", "pk": 62, "fields": {"name": "Can change cart", "content_type": 16, "codename": "change_cart"}}, {"model": "auth.permission", "pk": 63, "fields": {"name": "Can delete cart", "content_type": 16, "codename": "delete_cart"}}, {"model": "auth.permission", "pk": 64, "fields": {"name": "Can view cart", "content_type": 16, "codename": "view_cart"}}, {"model": "auth.permission", "pk": 65, "fields": {"name": "Can add shipping address", "content_type": 17, "codename": "add_shippingaddress"}}, {"model": "auth.permission", "pk": 66, "fields": {"name": "Can change shipping address", "content_type": 17, "codename": "change_shippingaddress"}}, {"model": "auth.permission", "pk": 67, "fields": {"name": "Can delete shipping address", "content_type": 17, "codename": "delete_shippingaddress"}}, {"model": "auth.permission", "pk": 68, "fields": {"name": "Can view shipping address", "content_type": 17, "codename": "view_shippingaddress"}}, {"model": "auth.permission", "pk": 69, "fields": {"name": "Can add order", "content_type": 18, "codename": "add_order"}}, {"model": "auth.permission", "pk": 70, "fields": {"name": "Can change order", "content_type": 18, "codename": "change_order"}}, {"model": "auth.permission", "pk": 71, "fields": {"name": "Can delete order", "content_type": 18, "codename": "delete_order"}}, {"model": "auth.permission", "pk": 72, "fields": {"name": "Can view order", "content_type": 18, "codename": "view_order"}}, {"model": "contenttypes.contenttype", "pk": 1, "fields": {"app_label": "auth", "model": "permission"}}, {"model": "contenttypes.contenttype", "pk": 2, "fields": {"app_label": "auth", "model": "group"}}, {"model": "contenttypes.contenttype", "pk": 3, "fields": {"app_label": "contenttypes", "model": "contenttype"}}, {"model": "contenttypes.contenttype", "pk": 4, "fields": {"app_label": "accounts", "model": "customuser"}}, {"model": "contenttypes.contenttype", "pk": 5, "fields": {"app_label": "product", "model": "brand"}}, {"model": "contenttypes.contenttype", "pk": 6, "fields": {"app_label": "product", "model": "category"}}, {"model": "contenttypes.contenttype", "pk": 7, "fields": {"app_label": "product", "model": "image"}}, {"model": "contenttypes.contenttype", "pk": 8, "fields": {"app_label": "product", "model": "size"}}, {"model": "contenttypes.contenttype", "pk": 9, "fields": {"app_label": "product", "model": "productsize"}}, {"model": "contenttypes.contenttype", "pk": 10, "fields": {"app_label": "product", "model": "product"}}, {"model": "contenttypes.contenttype", "pk": 11, "fields": {"app_label": "admin", "model": "logentry"}}, {"model": "contenttypes.contenttype", "pk": 12, "fields": {"app_label": "sessions", "model": "session"}}, {"model": "contenttypes.contenttype", "pk": 13, "fields": {"app_label": "product", "model": "favouriteproduct"}}, {"model": "contenttypes.contenttype", "pk": 14, "fields": {"app_label": "product", "model": "shoessize"}}, {"model": "contenttypes.contenttype", "pk": 15, "fields": {"app_label": "sites", "model": "site"}}, {"model": "contenttypes.contenttype", "pk": 16, "fields": {"app_label": "order", "model": "cart"}}, {"model": "contenttypes.contenttype", "pk": 17, "fields": {"app_label": "order", "model": "shippingaddress"}}, {"model": "contenttypes.contenttype", "pk": 18, "fields": {"app_label": "order", "model": "order"}}, {"model": "sessions.session", "pk": "0z4rtjd9nwoyy8uzgtwvfmoctrjqueq6", "fields": {"session_data": ".eJxVjDsOwyAQBe9CHSFWLL-U6XMGtMA6OImwZOzKyt0jJBdJ-2bmHSLSvtW4d17jXMRVgLj8bonyi9sA5Untsci8tG2dkxyKPGmX96Xw-3a6fweVeh21hSmx1sqbYBCMK1k57R2iChy0Czw5D5AgEVABzBqc9d4iZJuRrPh8AbomNrw:1oUxb1:4nLiHievb0fc_K6rGGfa89-6NskdfshaQzZ0P39ZusI", "expire_date": "2022-09-18T21:56:03.603Z"}}, {"model": "sessions.session", "pk": "fxuf0fio5hs4wxcue2wm0pq2j4tdpn93", "fields": {"session_data": "e30:1oUo6l:7I2uynu7koPaOg9mBVGUtGx9ObaTEh-TUgmKI3uk6pU", "expire_date": "2022-09-18T11:48:11.848Z"}}, {"model": "sessions.session", "pk": "l4twpm0qp8iw3z8avgl0cqgfrvemkj3p", "fields": {"session_data": ".eJxVjDsOwyAQBe9CHSFWLL-U6XMGtMA6OImwZOzKyt0jJBdJ-2bmHSLSvtW4d17jXMRVgLj8bonyi9sA5Untsci8tG2dkxyKPGmX96Xw-3a6fweVeh21hSmx1sqbYBCMK1k57R2iChy0Czw5D5AgEVABzBqc9d4iZJuRrPh8AbomNrw:1oW0NX:KDsB1Z6R-X9YI_BbbLil-kQOcIU-W0fchD9PUNwBEgE", "expire_date": "2022-09-21T19:06:27.366Z"}}, {"model": "sessions.session", "pk": "nxywhp3ocn7bz8bm9903fb5ye0ghgywc", "fields": {"session_data": "e30:1oUo5r:4fKyoaY7PFwVjeLwM4foLpTnOtGzB82I4GnxFx3Evow", "expire_date": "2022-09-18T11:47:15.203Z"}}, {"model": "sessions.session", "pk": "xesv5lnrkjv8e4eykaovwar8qxmibluh", "fields": {"session_data": "e30:1oUnUA:roS2L1pX74GahfnREWkTbY43kqTZtMctLbu2IjQFGNU", "expire_date": "2022-09-18T11:08:18.813Z"}}, {"model": "sessions.session", "pk": "ypj4424kgw2i4kjby3fxvkgjxfxj184y", "fields": {"session_data": ".eJxVjDsOwyAQBe9CHSFWLL-U6XMGtMA6OImwZOzKyt0jJBdJ-2bmHSLSvtW4d17jXMRVgLj8bonyi9sA5Untsci8tG2dkxyKPGmX96Xw-3a6fweVeh21hSmx1sqbYBCMK1k57R2iChy0Czw5D5AgEVABzBqc9d4iZJuRrPh8AbomNrw:1oRUNl:hurPSCFa2-WNc9Tu1nIcwPtgAhdAALFistkVU7lrNgw", "expire_date": "2022-09-09T08:08:01.732Z"}}, {"model": "sessions.session", "pk": "zf38g5k986urlauxjejgf5a844thwjeo", "fields": {"session_data": ".eJyrVkpOLCpRsqpW8k2tyEzOV3AsT6xU8EotKk6tVLLCJqijVFiamFeSWQKUN9RRKijKTE5VsrIwMKitBQAAWBnc:1oUarw:xAKcY6hJeZIEtgTycpqi5wT0VhPNkado4rsrbLNCshE", "expire_date": "2022-09-17T21:40:00.520Z"}}, {"model": "accounts.customuser", "pk": 1, "fields": {"password": "pbkdf2_sha256$216000$6c4uNZlRXHIT$j+rRYyN9DsPqTM7GIIipw//0zr8jyECsuyp5OAnp2yw=", "last_login": "2022-09-07T19:06:27.363Z", "is_superuser": true, "first_name": "", "last_name": "", "email": "admin@gmail.com", "phone_number": "1", "is_staff": true, "is_active": true, "date_joined": "2022-08-26T08:07:04.254Z", "groups": [], "user_permissions": []}}, {"model": "accounts.customuser", "pk": 8, "fields": {"password": "pbkdf2_sha256$216000$GwGDY8vYokBQ$DWPsb5lsguV0IXmgsFOsIFXuiOKoAf/2PwzEk5wNyIM=", "last_login": "2022-09-04T15:38:06.993Z", "is_superuser": false, "first_name": "", "last_name": "", "email": "djbsdbjsdhfb@gmil.com", "phone_number": "", "is_staff": false, "is_active": true, "date_joined": "2022-09-04T15:38:06.649Z", "groups": [], "user_permissions": []}}, {"model": "accounts.customuser", "pk": 9, "fields": {"password": "pbkdf2_sha256$216000$fEQeMrTSxgPL$XeEYIhR6wEMhWZ1BFlab5ELceinZIvZFOnVCTplNfNE=", "last_login": "2022-09-04T15:38:58.044Z", "is_superuser": false, "first_name": "", "last_name": "", "email": "dtgrtytb@gmil.com", "phone_number": "", "is_staff": false, "is_active": true, "date_joined": "2022-09-04T15:38:57.797Z", "groups": [], "user_permissions": []}}, {"model": "product.category", "pk": 5, "fields": {"cat_name": "MENS", "parent": null, "lft": 1, "rght": 14, "tree_id": 3, "level": 0}}, {"model": "product.category", "pk": 6, "fields": {"cat_name": "T shirt", "parent": 5, "lft": 12, "rght": 13, "tree_id": 3, "level": 1}}, {"model": "product.category", "pk": 7, "fields": {"cat_name": "JEANS", "parent": 5, "lft": 2, "rght": 3, "tree_id": 3, "level": 1}}, {"model": "product.category", "pk": 8, "fields": {"cat_name": "Shoes", "parent": 5, "lft": 4, "rght": 9, "tree_id": 3, "level": 1}}, {"model": "product.category", "pk": 9, "fields": {"cat_name": "KIDS", "parent": null, "lft": 1, "rght": 2, "tree_id": 1, "level": 0}}, {"model": "product.category", "pk": 10, "fields": {"cat_name": "SPORTS", "parent": null, "lft": 1, "rght": 2, "tree_id": 4, "level": 0}}, {"model": "product.category", "pk": 11, "fields": {"cat_name": "BRANDS", "parent": null, "lft": 1, "rght": 6, "tree_id": 0, "level": 0}}, {"model": "product.category", "pk": 12, "fields": {"cat_name": "NIKE", "parent": 11, "lft": 4, "rght": 5, "tree_id": 0, "level": 1}}, {"model": "product.category", "pk": 13, "fields": {"cat_name": "ADIDAS", "parent": 11, "lft": 2, "rght": 3, "tree_id": 0, "level": 1}}, {"model": "product.category", "pk": 14, "fields": {"cat_name": "LADIES", "parent": null, "lft": 1, "rght": 4, "tree_id": 2, "level": 0}}, {"model": "product.category", "pk": 15, "fields": {"cat_name": "SHOES", "parent": 14, "lft": 2, "rght": 3, "tree_id": 2, "level": 1}}, {"model": "product.category", "pk": 16, "fields": {"cat_name": "CLASSIC", "parent": 8, "lft": 5, "rght": 6, "tree_id": 3, "level": 2}}, {"model": "product.category", "pk": 17, "fields": {"cat_name": "SPORTS", "parent": 8, "lft": 7, "rght": 8, "tree_id": 3, "level": 2}}, {"model": "product.category", "pk": 18, "fields": {"cat_name": "Sweatshirt", "parent": 5, "lft": 10, "rght": 11, "tree_id": 3, "level": 1}}, {"model": "product.shoessize", "pk": 1, "fields": {"s_size": 25}}, {"model": "product.shoessize", "pk": 2, "fields": {"s_size": 26}}, {"model": "product.shoessize", "pk": 3, "fields": {"s_size": 27}}, {"model": "product.shoessize", "pk": 4, "fields": {"s_size": 28}}, {"model": "product.shoessize", "pk": 5, "fields": {"s_size": 29}}, {"model": "product.shoessize", "pk": 6, "fields": {"s_size": 30}}, {"model": "product.shoessize", "pk": 7, "fields": {"s_size": 31}}, {"model": "product.shoessize", "pk": 8, "fields": {"s_size": 32}}, {"model": "product.shoessize", "pk": 9, "fields": {"s_size": 33}}, {"model": "product.shoessize", "pk": 10, "fields": {"s_size": 34}}, {"model": "product.shoessize", "pk": 11, "fields": {"s_size": 35}}, {"model": "product.shoessize", "pk": 12, "fields": {"s_size": 36}}, {"model": "product.shoessize", "pk": 13, "fields": {"s_size": 37}}, {"model": "product.shoessize", "pk": 14, "fields": {"s_size": 38}}, {"model": "product.shoessize", "pk": 15, "fields": {"s_size": 39}}, {"model": "product.shoessize", "pk": 16, "fields": {"s_size": 40}}, {"model": "product.shoessize", "pk": 17, "fields": {"s_size": 41}}, {"model": "product.shoessize", "pk": 18, "fields": {"s_size": 42}}, {"model": "product.shoessize", "pk": 19, "fields": {"s_size": 43}}, {"model": "product.shoessize", "pk": 20, "fields": {"s_size": 44}}, {"model": "product.shoessize", "pk": 21, "fields": {"s_size": 45}}, {"model": "product.shoessize", "pk": 22, "fields": {"s_size": 46}}, {"model": "product.shoessize", "pk": 23, "fields": {"s_size": 47}}, {"model": "product.shoessize", "pk": 24, "fields": {"s_size": 48}}, {"model": "product.shoessize", "pk": 25, "fields": {"s_size": 49}}, {"model": "product.size", "pk": 1, "fields": {"s_size": "XS"}}, {"model": "product.size", "pk": 2, "fields": {"s_size": "S"}}, {"model": "product.size", "pk": 3, "fields": {"s_size": "M"}}, {"model": "product.size", "pk": 4, "fields": {"s_size": "L"}}, {"model": "product.size", "pk": 5, "fields": {"s_size": "XL"}}, {"model": "product.size", "pk": 6, "fields": {"s_size": "2XL"}}, {"model": "product.product", "pk": 1, "fields": {"pro_name": "Nike Air Force 1 '07 Essential", "pro_category": 12, "pro_price": 9000, "pro_status": "available", "pro_discount": null, "pro_total_price": 7495, "pro_description": "Let your shoe game shimmer in the Nike Air Force 1 '07 Essential. It takes the classic AF-1 design to the next level with its premium leather upper and iridescent Swoosh.", "pro_added": "2022-09-02", "pro_is_active": true, "pro_image": "https://static.nike.com/a/images/t_PDP_1728_v1/20488f52-3686-476c-b4b8-0ca430c34a05/air-force-1-07-essential-shoe-BHN3Db.jpg", "pro_slug": "nike-air-force-1-07-essential"}}, {"model": "product.product", "pk": 2, "fields": {"pro_name": "Nike Air Force 1 '07", "pro_category": 12, "pro_price": 11500, "pro_status": "available", "pro_discount": null, "pro_total_price": 7495, "pro_description": "The legend lives on in the Nike Air Force 1 '07, a modern take on the iconic AF1 that blends classic style with fresh colors and details.", "pro_added": "2022-09-02", "pro_is_active": true, "pro_image": "https://static.nike.com/a/images/t_PDP_1728_v1/67e9c661-4cbb-4ff3-963f-49c0a219ba22/air-force-1-07-shoe-jKJ8T4.jpg", "pro_slug": "nike-air-force-1-07"}}, {"model": "product.product", "pk": 3, "fields": {"pro_name": "Nike Air Force 1 Sage Low LX", "pro_category": 12, "pro_price": 12950, "pro_status": "available", "pro_discount": null, "pro_total_price": 9995, "pro_description": "Taking both height and craft to new levels, the Nike Air Force 1 Sage Low LX features a platform midsole and pared-down upper. Rolled edges and clean lines replace traditional overlays for a bold look.", "pro_added": "2022-09-02", "pro_is_active": true, "pro_image": "https://static.nike.com/a/images/t_PDP_1728_v1/9c4f5787-cfca-49e1-ad6b-d8058da06a4c/air-force-1-sage-low-lx-shoe-nTkdbB.jpg", "pro_slug": "nike-air-force-1-sage-low-lx"}}, {"model": "product.product", "pk": 4, "fields": {"pro_name": "Nike P-6000 SE", "pro_category": 12, "pro_price": 8995, "pro_status": "available", "pro_discount": null, "pro_total_price": 6297, "pro_description": "A mash-up of Pegasus' past, the Nike P-6000 SE features breathable mesh with horizontal and vertical overlays for a 2000s running look. Its retro running aesthetic meets all-day comfort for the streets.", "pro_added": "2022-09-03", "pro_is_active": true, "pro_image": "https://static.nike.com/a/images/t_PDP_1728_v1/fvkyxqixdj1nqhn4qbya/p-6000-se-shoe-3lr0zf.jpg", "pro_slug": "nike-p-6000-se"}}, {"model": "product.product", "pk": 5, "fields": {"pro_name": "Air Jordan 8 Retro", "pro_category": 9, "pro_price": 15995, "pro_status": "available", "pro_discount": 12, "pro_total_price": 12797, "pro_description": "The Air Jordan 8 Retro recaptures the memorable look of the '93 release. It's made from real and synthetic leather and has the same distinct and daring design that made the original such a '90s favourite.", "pro_added": "2022-09-02", "pro_is_active": true, "pro_image": "https://static.nike.com/a/images/t_PDP_1728_v1/ndqlzstqcporj0lyet8j/air-jordan-8-retro-shoe-cVHr95.jpg", "pro_slug": "air-jordan-8-retro"}}, {"model": "product.product", "pk": 7, "fields": {"pro_name": "Five Ten Kestrel Lace Mountain Bike Shoes", "pro_category": 13, "pro_price": 1500, "pro_status": "available", "pro_discount": 10, "pro_total_price": 1350, "pro_description": "Lace-up and get after it. The Five Ten Kestrel Lace Mountain Bike Shoes offer efficient pedal power with a low-profile style. The wide platform is compatible with all clipless pedals and offers high-friction grip on and off the bike. You'll find comfort and versatility for extended trail rides and after work hot laps alike.", "pro_added": "2022-09-02", "pro_is_active": true, "pro_image": "https://assets.adidas.com/images/w_600,f_auto,q_auto/2b04943c525e4909a7a5a9fa0116153d_9366/Five_Ten_Kestrel_Lace_Mountain_Bike_Shoes_Grey_BC0770_01_standard.jpg", "pro_slug": "five-ten-kestrel-lace-mountain-bike-shoes"}}, {"model": "product.product", "pk": 8, "fields": {"pro_name": "Mexico Away Jersey", "pro_category": 13, "pro_price": 800, "pro_status": "available", "pro_discount": 10, "pro_total_price": 600, "pro_description": "Clean and crisp, this Adidas Mexico Away Jersey for juniors displays a design that began life in an artist's studio. Soft, quick-drying fabric keeps you comfortable. Standing out on the chest, a team badge lets fans show pride in their soccer team.", "pro_added": "2022-09-02", "pro_is_active": true, "pro_image": "https://assets.adidas.com/images/w_600,f_auto,q_auto/4b12d5462aec410faee9ab1000feb34f_9366/Mexico_Away_Jersey_White_GC7946_01_laydown.jpg", "pro_slug": "mexico-away-jersey"}}, {"model": "product.product", "pk": 9, "fields": {"pro_name": "Future Icons Animal", "pro_category": 18, "pro_price": 800, "pro_status": "available", "pro_discount": null, "pro_total_price": 650, "pro_description": "It's a fact. There is no wrong time for animal prints \\u2014 especially when they're popping off this Adidas sweatshirt. Move through your day supported by its soft, cozy fabric. The fun pattern keeps your look extra fresh. \\n\\nThis product is made with Primegreen, a series of high-performance recycled materials.", "pro_added": "2022-09-02", "pro_is_active": true, "pro_image": "https://assets.adidas.com/images/w_600,f_auto,q_auto/656bce0f29db42398f0aad2800affae9_9366/adidas_Sportswear_Future_Icons_Animal-Print_Sweatshirt_Grey_HA5695_21_model.jpg", "pro_slug": "future-icons-animal"}}, {"model": "product.product", "pk": 10, "fields": {"pro_name": "Adicolor Oversized Sweatshirt", "pro_category": 18, "pro_price": 1500, "pro_status": "available", "pro_discount": 10, "pro_total_price": 1200, "pro_description": "With playful proportions and a vibrant color palette, the statement-making Adicolor Oversized Sweatshirt serves up minimalism with a contemporary twist. \\u200b\\n\\u200b\\nMade from sumptuous French cotton-terry with an oversized fit, the hoodie is the ideal choice for those laid-back days spent lounging at home. Heading out the door? Simply throw on sneakers and jeans and you're good to go. \\u200b\\n\\u200b\\nBillowing sleeves are given definition thanks to ribbed cuffs\\u2014which also keep you snug on those brisk early morning walks\\u2014while the tiny tonal Trefoil badge adds a touch of casual-cool to the versatile wardrobe staple. \\n\\u200b\\nThe cherry on top? Our cotton products support more sustainable cotton farming. A win-win for the planet and your wardrobe.", "pro_added": "2022-09-02", "pro_is_active": true, "pro_image": "https://assets.adidas.com/images/w_600,f_auto,q_auto/6243e5b8a61c4c14b2c5acfb01098d1d_9366/Adicolor_Oversized_Sweatshirt_White_H11395_HM1.jpg", "pro_slug": "adicolor-oversized-sweatshirt"}}, {"model": "product.image", "pk": 2, "fields": {"product": 1, "im_photo": "", "im_url": "https://static.nike.com/a/images/t_PDP_1728_v1/e9fe72b4-a153-4019-8ea6-9f31230b247c/air-force-1-07-essential-shoe-BHN3Db.jpg"}}, {"model": "product.image", "pk": 3, "fields": {"product": 1, "im_photo": "", "im_url": "https://static.nike.com/a/images/t_PDP_1728_v1/490add03-5c99-403d-b456-48036981ac92/air-force-1-07-essential-shoe-BHN3Db.jpg"}}, {"model": "product.image", "pk": 4, "fields": {"product": 1, "im_photo": "", "im_url": "https://static.nike.com/a/images/t_PDP_1728_v1/d4e9d5d6-3c97-4e58-bed6-1a2780519612/air-force-1-07-essential-shoe-BHN3Db.jpg"}}, {"model": "product.image", "pk": 6, "fields": {"product": 2, "im_photo": "", "im_url": "https://static.nike.com/a/images/t_PDP_1728_v1/b1ed2d84-1daa-40d8-99b5-b9e49bcaa847/air-force-1-07-shoe-jKJ8T4.jpg"}}, {"model": "product.image", "pk": 7, "fields": {"product": 2, "im_photo": "", "im_url": "https://static.nike.com/a/images/t_PDP_1728_v1/de328105-55fd-4929-8ce7-84b757e16208/air-force-1-07-shoe-jKJ8T4.jpg"}}, {"model": "product.image", "pk": 8, "fields": {"product": 2, "im_photo": "", "im_url": "https://static.nike.com/a/images/t_PDP_1728_v1/2d09a770-c245-4944-94fe-b814dde3c8f3/air-force-1-07-shoe-jKJ8T4.jpg"}}, {"model": "product.image", "pk": 10, "fields": {"product": 3, "im_photo": "", "im_url": "https://static.nike.com/a/images/t_PDP_1728_v1/0adfe5c6-7948-4a79-ab0f-42afa8f669cd/air-force-1-sage-low-lx-shoe-nTkdbB.jpg"}}, {"model": "product.image", "pk": 11, "fields": {"product": 3, "im_photo": "", "im_url": "https://static.nike.com/a/images/t_PDP_1728_v1/ecc5d779-08f6-4874-9707-a5f390fe40ef/air-force-1-sage-low-lx-shoe-nTkdbB.jpg"}}, {"model": "product.image", "pk": 12, "fields": {"product": 3, "im_photo": "", "im_url": "https://static.nike.com/a/images/t_PDP_1728_v1/5367a63a-7c0f-41c0-ad75-3a6dc8b67518/air-force-1-sage-low-lx-shoe-nTkdbB.jpg"}}, {"model": "product.image", "pk": 14, "fields": {"product": 4, "im_photo": "image/rBVaGVbjfHyAKX-TAAHrRq4JKKE216.jpg", "im_url": "https://static.nike.com/a/images/t_PDP_1728_v1/syplll4ixb4fbqunxoto/p-6000-se-shoe-3lr0zf.jpg"}}, {"model": "product.image", "pk": 15, "fields": {"product": 4, "im_photo": "", "im_url": "https://static.nike.com/a/images/t_PDP_1728_v1/nqrgid6o8avfgkbg97se/p-6000-se-shoe-3lr0zf.jpg"}}, {"model": "product.image", "pk": 16, "fields": {"product": 4, "im_photo": "", "im_url": "https://static.nike.com/a/images/t_PDP_1728_v1/ldgib4zlbcgczjp3leiv/p-6000-se-shoe-3lr0zf.jpg"}}, {"model": "product.image", "pk": 18, "fields": {"product": 5, "im_photo": "", "im_url": "https://static.nike.com/a/images/t_PDP_1728_v1/dyx1vew6fqmf62nbnjse/air-jordan-8-retro-shoe-cVHr95.jpg"}}, {"model": "product.image", "pk": 19, "fields": {"product": 5, "im_photo": "", "im_url": "https://static.nike.com/a/images/t_PDP_1728_v1/zpx16ugubmz8yycbvipz/air-jordan-8-retro-shoe-cVHr95.jpg"}}, {"model": "product.image", "pk": 20, "fields": {"product": 5, "im_photo": "", "im_url": "https://static.nike.com/a/images/t_PDP_1728_v1/aky9q7mmplvmjvoboijb/air-jordan-8-retro-shoe-cVHr95.jpg"}}, {"model": "product.image", "pk": 28, "fields": {"product": 7, "im_photo": "", "im_url": "https://assets.adidas.com/images/w_600,f_auto,q_auto/64ef0f437ce249fe980da9fa01164284_9366/Five_Ten_Kestrel_Lace_Mountain_Bike_Shoes_Grey_BC0770_02_standard_hover.jpg"}}, {"model": "product.image", "pk": 29, "fields": {"product": 7, "im_photo": "", "im_url": "https://assets.adidas.com/images/w_600,f_auto,q_auto/12746d2167c348b2a583a9fa01169669_9366/Five_Ten_Kestrel_Lace_Mountain_Bike_Shoes_Grey_BC0770_03_standard.jpg"}}, {"model": "product.image", "pk": 30, "fields": {"product": 7, "im_photo": "", "im_url": "https://assets.adidas.com/images/w_600,f_auto,q_auto/91b253099ece4b6c8b5fa9fa0116a5a1_9366/Five_Ten_Kestrel_Lace_Mountain_Bike_Shoes_Grey_BC0770_04_standard.jpg"}}, {"model": "product.image", "pk": 31, "fields": {"product": 7, "im_photo": "", "im_url": "https://assets.adidas.com/images/w_600,f_auto,q_auto/a2b39ff910204553af50a9fa0116b3a0_9366/Five_Ten_Kestrel_Lace_Mountain_Bike_Shoes_Grey_BC0770_05_standard.jpg"}}, {"model": "product.image", "pk": 32, "fields": {"product": 8, "im_photo": "", "im_url": "https://assets.adidas.com/images/w_600,f_auto,q_auto/be2b4748ccd04e88b0e7ab1000fec081_9366/Mexico_Away_Jersey_White_GC7946_02_laydown_hover.jpg"}}, {"model": "product.image", "pk": 33, "fields": {"product": 8, "im_photo": "", "im_url": "https://assets.adidas.com/images/w_600,f_auto,q_auto/e538f94d0fd742868052ab1000fecdbb_9366/Mexico_Away_Jersey_White_GC7946_41_detail.jpg"}}, {"model": "product.image", "pk": 34, "fields": {"product": 8, "im_photo": "", "im_url": "https://assets.adidas.com/images/w_600,f_auto,q_auto/7f1492f2985841dbb59cab1000fedc44_9366/Mexico_Away_Jersey_White_GC7946_42_detail.jpg"}}, {"model": "product.image", "pk": 35, "fields": {"product": 8, "im_photo": "", "im_url": "https://assets.adidas.com/images/w_600,f_auto,q_auto/d3485a6cd3fd42c19083ab1000fee858_9366/Mexico_Away_Jersey_White_GC7946_43_detail.jpg"}}, {"model": "product.image", "pk": 36, "fields": {"product": 9, "im_photo": "", "im_url": "https://assets.adidas.com/images/w_600,f_auto,q_auto/553a939fb9a843b69947ad2800b001ce_9366/adidas_Sportswear_Future_Icons_Animal-Print_Sweatshirt_Grey_HA5695_23_hover_model.jpg"}}, {"model": "product.image", "pk": 37, "fields": {"product": 9, "im_photo": "", "im_url": "https://assets.adidas.com/images/w_600,f_auto,q_auto/8092a816ca9748d8aa1bad2800b009f4_9366/adidas_Sportswear_Future_Icons_Animal-Print_Sweatshirt_Grey_HA5695_25_model.jpg"}}, {"model": "product.image", "pk": 38, "fields": {"product": 9, "im_photo": "", "im_url": "https://assets.adidas.com/images/w_600,f_auto,q_auto/f2ca0c1e686644099869ad2800b013ea_9366/adidas_Sportswear_Future_Icons_Animal-Print_Sweatshirt_Grey_HA5695_41_detail.jpg"}}, {"model": "product.image", "pk": 39, "fields": {"product": 9, "im_photo": "", "im_url": "https://assets.adidas.com/images/w_600,f_auto,q_auto/5784566c7d6848c39461ad2800b01d29_9366/adidas_Sportswear_Future_Icons_Animal-Print_Sweatshirt_Grey_HA5695_42_detail.jpg"}}, {"model": "product.image", "pk": 40, "fields": {"product": 10, "im_photo": "", "im_url": "https://assets.adidas.com/images/w_600,f_auto,q_auto/d08addf2fc704c3d85eeacfb01099340_9366/Adicolor_Oversized_Sweatshirt_White_H11395_HM3_hover.jpg"}}, {"model": "product.image", "pk": 41, "fields": {"product": 10, "im_photo": "", "im_url": "https://assets.adidas.com/images/w_600,f_auto,q_auto/24b70dacf5164362bdecacfb0109996a_9366/Adicolor_Oversized_Sweatshirt_White_H11395_HM4.jpg"}}, {"model": "product.image", "pk": 42, "fields": {"product": 10, "im_photo": "", "im_url": "https://assets.adidas.com/images/w_600,f_auto,q_auto/7cd7b7fe381a429b9807acfb0109c016_9366/Adicolor_Oversized_Sweatshirt_White_H11395_HM5.jpg"}}, {"model": "product.image", "pk": 43, "fields": {"product": 10, "im_photo": "", "im_url": "https://assets.adidas.com/images/w_600,f_auto,q_auto/ef125aace39f4dc296c2acfb0109c670_9366/Adicolor_Oversized_Sweatshirt_White_H11395_HM6.jpg"}}, {"model": "product.image", "pk": 44, "fields": {"product": 10, "im_photo": "", "im_url": "https://assets.adidas.com/images/w_600,f_auto,q_auto/3ccf43aa929b4d2fb08bacfb0109cda8_9366/Adicolor_Oversized_Sweatshirt_White_H11395_HM7.jpg"}}, {"model": "product.image", "pk": 45, "fields": {"product": 10, "im_photo": "", "im_url": "https://assets.adidas.com/images/w_600,f_auto,q_auto/d513586296dd406aa32eacfb0109d7a9_9366/Adicolor_Oversized_Sweatshirt_White_H11395_HM8.jpg"}}, {"model": "product.productsize", "pk": 1, "fields": {"product": 1, "cl_size": null, "sh_size": 19, "color": "red", "count": 30}}, {"model": "product.productsize", "pk": 2, "fields": {"product": 2, "cl_size": null, "sh_size": 18, "color": null, "count": 20}}, {"model": "product.productsize", "pk": 3, "fields": {"product": 4, "cl_size": null, "sh_size": 16, "color": null, "count": 20}}, {"model": "product.productsize", "pk": 4, "fields": {"product": 5, "cl_size": null, "sh_size": 16, "color": "red", "count": 20}}, {"model": "product.productsize", "pk": 5, "fields": {"product": 5, "cl_size": null, "sh_size": 18, "color": "blue", "count": 15}}, {"model": "product.productsize", "pk": 6, "fields": {"product": 4, "cl_size": null, "sh_size": 20, "color": null, "count": 1}}, {"model": "product.productsize", "pk": 7, "fields": {"product": 1, "cl_size": null, "sh_size": 16, "color": "blue", "count": 1}}, {"model": "product.productsize", "pk": 8, "fields": {"product": 3, "cl_size": null, "sh_size": 15, "color": null, "count": 1}}, {"model": "product.productsize", "pk": 9, "fields": {"product": 5, "cl_size": null, "sh_size": 17, "color": null, "count": 30}}, {"model": "product.productsize", "pk": 10, "fields": {"product": 4, "cl_size": null, "sh_size": 13, "color": null, "count": 1}}, {"model": "product.productsize", "pk": 11, "fields": {"product": 1, "cl_size": null, "sh_size": 22, "color": "black", "count": 1}}, {"model": "product.productsize", "pk": 12, "fields": {"product": 2, "cl_size": null, "sh_size": 14, "color": null, "count": 1}}, {"model": "product.productsize", "pk": 13, "fields": {"product": 3, "cl_size": null, "sh_size": 14, "color": null, "count": 1}}, {"model": "product.productsize", "pk": 15, "fields": {"product": 7, "cl_size": 3, "sh_size": null, "color": null, "count": 20}}, {"model": "product.productsize", "pk": 16, "fields": {"product": 7, "cl_size": 4, "sh_size": null, "color": null, "count": 20}}, {"model": "product.productsize", "pk": 17, "fields": {"product": 8, "cl_size": 2, "sh_size": null, "color": null, "count": 1}}, {"model": "product.productsize", "pk": 18, "fields": {"product": 8, "cl_size": 5, "sh_size": null, "color": null, "count": 1}}, {"model": "product.productsize", "pk": 19, "fields": {"product": 9, "cl_size": 3, "sh_size": null, "color": null, "count": 1}}, {"model": "product.productsize", "pk": 20, "fields": {"product": 9, "cl_size": 5, "sh_size": null, "color": null, "count": 1}}, {"model": "product.productsize", "pk": 21, "fields": {"product": 9, "cl_size": 2, "sh_size": null, "color": null, "count": 1}}, {"model": "product.productsize", "pk": 22, "fields": {"product": 10, "cl_size": 3, "sh_size": null, "color": null, "count": 1}}, {"model": "product.productsize", "pk": 23, "fields": {"product": 10, "cl_size": 4, "sh_size": null, "color": null, "count": 1}}, {"model": "product.productsize", "pk": 24, "fields": {"product": 10, "cl_size": 5, "sh_size": null, "color": null, "count": 1}}, {"model": "product.productsize", "pk": 25, "fields": {"product": 10, "cl_size": 6, "sh_size": null, "color": null, "count": 1}}, {"model": "order.order", "pk": 7, "fields": {"customer": 1, "order_date": "2022-09-06T02:02:32.883Z", "is_finished": false, "total_price": 0.0}}]