[{"model": "product.category", "pk": 5, "fields": {"cat_name": "MENS", "parent": null, "lft": 1, "rght": 14, "tree_id": 3, "level": 0}}, {"model": "product.category", "pk": 6, "fields": {"cat_name": "T shirt", "parent": 5, "lft": 12, "rght": 13, "tree_id": 3, "level": 1}}, {"model": "product.category", "pk": 7, "fields": {"cat_name": "JEANS", "parent": 5, "lft": 2, "rght": 3, "tree_id": 3, "level": 1}}, {"model": "product.category", "pk": 8, "fields": {"cat_name": "Shoes", "parent": 5, "lft": 4, "rght": 9, "tree_id": 3, "level": 1}}, {"model": "product.category", "pk": 9, "fields": {"cat_name": "KIDS", "parent": null, "lft": 1, "rght": 2, "tree_id": 1, "level": 0}}, {"model": "product.category", "pk": 10, "fields": {"cat_name": "SPORTS", "parent": null, "lft": 1, "rght": 2, "tree_id": 4, "level": 0}}, {"model": "product.category", "pk": 11, "fields": {"cat_name": "BRANDS", "parent": null, "lft": 1, "rght": 6, "tree_id": 0, "level": 0}}, {"model": "product.category", "pk": 12, "fields": {"cat_name": "NIKE", "parent": 11, "lft": 4, "rght": 5, "tree_id": 0, "level": 1}}, {"model": "product.category", "pk": 13, "fields": {"cat_name": "ADIDAS", "parent": 11, "lft": 2, "rght": 3, "tree_id": 0, "level": 1}}, {"model": "product.category", "pk": 14, "fields": {"cat_name": "LADIES", "parent": null, "lft": 1, "rght": 4, "tree_id": 2, "level": 0}}, {"model": "product.category", "pk": 15, "fields": {"cat_name": "SHOES", "parent": 14, "lft": 2, "rght": 3, "tree_id": 2, "level": 1}}, {"model": "product.category", "pk": 16, "fields": {"cat_name": "CLASSIC", "parent": 8, "lft": 5, "rght": 6, "tree_id": 3, "level": 2}}, {"model": "product.category", "pk": 17, "fields": {"cat_name": "SPORTS", "parent": 8, "lft": 7, "rght": 8, "tree_id": 3, "level": 2}}, {"model": "product.category", "pk": 18, "fields": {"cat_name": "Sweatshirt", "parent": 5, "lft": 10, "rght": 11, "tree_id": 3, "level": 1}}, {"model": "product.shoessize", "pk": 1, "fields": {"s_size": 25}}, {"model": "product.shoessize", "pk": 2, "fields": {"s_size": 26}}, {"model": "product.shoessize", "pk": 3, "fields": {"s_size": 27}}, {"model": "product.shoessize", "pk": 4, "fields": {"s_size": 28}}, {"model": "product.shoessize", "pk": 5, "fields": {"s_size": 29}}, {"model": "product.shoessize", "pk": 6, "fields": {"s_size": 30}}, {"model": "product.shoessize", "pk": 7, "fields": {"s_size": 31}}, {"model": "product.shoessize", "pk": 8, "fields": {"s_size": 32}}, {"model": "product.shoessize", "pk": 9, "fields": {"s_size": 33}}, {"model": "product.shoessize", "pk": 10, "fields": {"s_size": 34}}, {"model": "product.shoessize", "pk": 11, "fields": {"s_size": 35}}, {"model": "product.shoessize", "pk": 12, "fields": {"s_size": 36}}, {"model": "product.shoessize", "pk": 13, "fields": {"s_size": 37}}, {"model": "product.shoessize", "pk": 14, "fields": {"s_size": 38}}, {"model": "product.shoessize", "pk": 15, "fields": {"s_size": 39}}, {"model": "product.shoessize", "pk": 16, "fields": {"s_size": 40}}, {"model": "product.shoessize", "pk": 17, "fields": {"s_size": 41}}, {"model": "product.shoessize", "pk": 18, "fields": {"s_size": 42}}, {"model": "product.shoessize", "pk": 19, "fields": {"s_size": 43}}, {"model": "product.shoessize", "pk": 20, "fields": {"s_size": 44}}, {"model": "product.shoessize", "pk": 21, "fields": {"s_size": 45}}, {"model": "product.shoessize", "pk": 22, "fields": {"s_size": 46}}, {"model": "product.shoessize", "pk": 23, "fields": {"s_size": 47}}, {"model": "product.shoessize", "pk": 24, "fields": {"s_size": 48}}, {"model": "product.shoessize", "pk": 25, "fields": {"s_size": 49}}, {"model": "product.size", "pk": 1, "fields": {"s_size": "XS"}}, {"model": "product.size", "pk": 2, "fields": {"s_size": "S"}}, {"model": "product.size", "pk": 3, "fields": {"s_size": "M"}}, {"model": "product.size", "pk": 4, "fields": {"s_size": "L"}}, {"model": "product.size", "pk": 5, "fields": {"s_size": "XL"}}, {"model": "product.size", "pk": 6, "fields": {"s_size": "2XL"}}, {"model": "product.product", "pk": 1, "fields": {"pro_name": "Nike Air Force 1 '07 Essential", "pro_category": 12, "pro_price": 9000, "pro_status": "available", "pro_discount": null, "pro_total_price": 7495, "pro_description": "Let your shoe game shimmer in the Nike Air Force 1 '07 Essential. It takes the classic AF-1 design to the next level with its premium leather upper and iridescent Swoosh.", "pro_added": "2022-09-02", "pro_is_active": true, "pro_image": "https://static.nike.com/a/images/t_PDP_1728_v1/20488f52-3686-476c-b4b8-0ca430c34a05/air-force-1-07-essential-shoe-BHN3Db.jpg", "pro_slug": "nike-air-force-1-07-essential"}}, {"model": "product.product", "pk": 2, "fields": {"pro_name": "Nike Air Force 1 '07", "pro_category": 12, "pro_price": 11500, "pro_status": "available", "pro_discount": null, "pro_total_price": 7495, "pro_description": "The legend lives on in the Nike Air Force 1 '07, a modern take on the iconic AF1 that blends classic style with fresh colors and details.", "pro_added": "2022-09-02", "pro_is_active": true, "pro_image": "https://static.nike.com/a/images/t_PDP_1728_v1/67e9c661-4cbb-4ff3-963f-49c0a219ba22/air-force-1-07-shoe-jKJ8T4.jpg", "pro_slug": "nike-air-force-1-07"}}, {"model": "product.product", "pk": 3, "fields": {"pro_name": "Nike Air Force 1 Sage Low LX", "pro_category": 12, "pro_price": 12950, "pro_status": "available", "pro_discount": null, "pro_total_price": 9995, "pro_description": "Taking both height and craft to new levels, the Nike Air Force 1 Sage Low LX features a platform midsole and pared-down upper. Rolled edges and clean lines replace traditional overlays for a bold look.", "pro_added": "2022-09-02", "pro_is_active": true, "pro_image": "https://static.nike.com/a/images/t_PDP_1728_v1/9c4f5787-cfca-49e1-ad6b-d8058da06a4c/air-force-1-sage-low-lx-shoe-nTkdbB.jpg", "pro_slug": "nike-air-force-1-sage-low-lx"}}, {"model": "product.product", "pk": 4, "fields": {"pro_name": "Nike P-6000 SE", "pro_category": 12, "pro_price": 8995, "pro_status": "available", "pro_discount": null, "pro_total_price": 6297, "pro_description": "A mash-up of Pegasus' past, the Nike P-6000 SE features breathable mesh with horizontal and vertical overlays for a 2000s running look. Its retro running aesthetic meets all-day comfort for the streets.", "pro_added": "2022-09-03", "pro_is_active": true, "pro_image": "https://static.nike.com/a/images/t_PDP_1728_v1/fvkyxqixdj1nqhn4qbya/p-6000-se-shoe-3lr0zf.jpg", "pro_slug": "nike-p-6000-se"}}, {"model": "product.product", "pk": 5, "fields": {"pro_name": "Air Jordan 8 Retro", "pro_category": 9, "pro_price": 15995, "pro_status": "available", "pro_discount": 12, "pro_total_price": 12797, "pro_description": "The Air Jordan 8 Retro recaptures the memorable look of the '93 release. It's made from real and synthetic leather and has the same distinct and daring design that made the original such a '90s favourite.", "pro_added": "2022-09-02", "pro_is_active": true, "pro_image": "https://static.nike.com/a/images/t_PDP_1728_v1/ndqlzstqcporj0lyet8j/air-jordan-8-retro-shoe-cVHr95.jpg", "pro_slug": "air-jordan-8-retro"}}, {"model": "product.product", "pk": 7, "fields": {"pro_name": "Five Ten Kestrel Lace Mountain Bike Shoes", "pro_category": 13, "pro_price": 1500, "pro_status": "available", "pro_discount": 10, "pro_total_price": 1350, "pro_description": "Lace-up and get after it. The Five Ten Kestrel Lace Mountain Bike Shoes offer efficient pedal power with a low-profile style. The wide platform is compatible with all clipless pedals and offers high-friction grip on and off the bike. You'll find comfort and versatility for extended trail rides and after work hot laps alike.", "pro_added": "2022-09-02", "pro_is_active": true, "pro_image": "https://assets.adidas.com/images/w_600,f_auto,q_auto/2b04943c525e4909a7a5a9fa0116153d_9366/Five_Ten_Kestrel_Lace_Mountain_Bike_Shoes_Grey_BC0770_01_standard.jpg", "pro_slug": "five-ten-kestrel-lace-mountain-bike-shoes"}}, {"model": "product.product", "pk": 8, "fields": {"pro_name": "Mexico Away Jersey", "pro_category": 13, "pro_price": 800, "pro_status": "available", "pro_discount": 10, "pro_total_price": 600, "pro_description": "Clean and crisp, this Adidas Mexico Away Jersey for juniors displays a design that began life in an artist's studio. Soft, quick-drying fabric keeps you comfortable. Standing out on the chest, a team badge lets fans show pride in their soccer team.", "pro_added": "2022-09-02", "pro_is_active": true, "pro_image": "https://assets.adidas.com/images/w_600,f_auto,q_auto/4b12d5462aec410faee9ab1000feb34f_9366/Mexico_Away_Jersey_White_GC7946_01_laydown.jpg", "pro_slug": "mexico-away-jersey"}}, {"model": "product.product", "pk": 9, "fields": {"pro_name": "Future Icons Animal", "pro_category": 18, "pro_price": 800, "pro_status": "available", "pro_discount": null, "pro_total_price": 650, "pro_description": "It's a fact. There is no wrong time for animal prints \\u2014 especially when they're popping off this Adidas sweatshirt. Move through your day supported by its soft, cozy fabric. The fun pattern keeps your look extra fresh. \\n\\nThis product is made with Primegreen, a series of high-performance recycled materials.", "pro_added": "2022-09-02", "pro_is_active": true, "pro_image": "https://assets.adidas.com/images/w_600,f_auto,q_auto/656bce0f29db42398f0aad2800affae9_9366/adidas_Sportswear_Future_Icons_Animal-Print_Sweatshirt_Grey_HA5695_21_model.jpg", "pro_slug": "future-icons-animal"}}, {"model": "product.product", "pk": 10, "fields": {"pro_name": "Adicolor Oversized Sweatshirt", "pro_category": 18, "pro_price": 1500, "pro_status": "available", "pro_discount": 10, "pro_total_price": 1200, "pro_description": "With playful proportions and a vibrant color palette, the statement-making Adicolor Oversized Sweatshirt serves up minimalism with a contemporary twist. \\u200b\\n\\u200b\\nMade from sumptuous French cotton-terry with an oversized fit, the hoodie is the ideal choice for those laid-back days spent lounging at home. Heading out the door? Simply throw on sneakers and jeans and you're good to go. \\u200b\\n\\u200b\\nBillowing sleeves are given definition thanks to ribbed cuffs\\u2014which also keep you snug on those brisk early morning walks\\u2014while the tiny tonal Trefoil badge adds a touch of casual-cool to the versatile wardrobe staple. \\n\\u200b\\nThe cherry on top? Our cotton products support more sustainable cotton farming. A win-win for the planet and your wardrobe.", "pro_added": "2022-09-02", "pro_is_active": true, "pro_image": "https://assets.adidas.com/images/w_600,f_auto,q_auto/6243e5b8a61c4c14b2c5acfb01098d1d_9366/Adicolor_Oversized_Sweatshirt_White_H11395_HM1.jpg", "pro_slug": "adicolor-oversized-sweatshirt"}}, {"model": "product.image", "pk": 2, "fields": {"product": 1, "im_photo": "", "im_url": "https://static.nike.com/a/images/t_PDP_1728_v1/e9fe72b4-a153-4019-8ea6-9f31230b247c/air-force-1-07-essential-shoe-BHN3Db.jpg"}}, {"model": "product.image", "pk": 3, "fields": {"product": 1, "im_photo": "", "im_url": "https://static.nike.com/a/images/t_PDP_1728_v1/490add03-5c99-403d-b456-48036981ac92/air-force-1-07-essential-shoe-BHN3Db.jpg"}}, {"model": "product.image", "pk": 4, "fields": {"product": 1, "im_photo": "", "im_url": "https://static.nike.com/a/images/t_PDP_1728_v1/d4e9d5d6-3c97-4e58-bed6-1a2780519612/air-force-1-07-essential-shoe-BHN3Db.jpg"}}, {"model": "product.image", "pk": 6, "fields": {"product": 2, "im_photo": "", "im_url": "https://static.nike.com/a/images/t_PDP_1728_v1/b1ed2d84-1daa-40d8-99b5-b9e49bcaa847/air-force-1-07-shoe-jKJ8T4.jpg"}}, {"model": "product.image", "pk": 7, "fields": {"product": 2, "im_photo": "", "im_url": "https://static.nike.com/a/images/t_PDP_1728_v1/de328105-55fd-4929-8ce7-84b757e16208/air-force-1-07-shoe-jKJ8T4.jpg"}}, {"model": "product.image", "pk": 8, "fields": {"product": 2, "im_photo": "", "im_url": "https://static.nike.com/a/images/t_PDP_1728_v1/2d09a770-c245-4944-94fe-b814dde3c8f3/air-force-1-07-shoe-jKJ8T4.jpg"}}, {"model": "product.image", "pk": 10, "fields": {"product": 3, "im_photo": "", "im_url": "https://static.nike.com/a/images/t_PDP_1728_v1/0adfe5c6-7948-4a79-ab0f-42afa8f669cd/air-force-1-sage-low-lx-shoe-nTkdbB.jpg"}}, {"model": "product.image", "pk": 11, "fields": {"product": 3, "im_photo": "", "im_url": "https://static.nike.com/a/images/t_PDP_1728_v1/ecc5d779-08f6-4874-9707-a5f390fe40ef/air-force-1-sage-low-lx-shoe-nTkdbB.jpg"}}, {"model": "product.image", "pk": 12, "fields": {"product": 3, "im_photo": "", "im_url": "https://static.nike.com/a/images/t_PDP_1728_v1/5367a63a-7c0f-41c0-ad75-3a6dc8b67518/air-force-1-sage-low-lx-shoe-nTkdbB.jpg"}}, {"model": "product.image", "pk": 14, "fields": {"product": 4, "im_photo": "image/rBVaGVbjfHyAKX-TAAHrRq4JKKE216.jpg", "im_url": "https://static.nike.com/a/images/t_PDP_1728_v1/syplll4ixb4fbqunxoto/p-6000-se-shoe-3lr0zf.jpg"}}, {"model": "product.image", "pk": 15, "fields": {"product": 4, "im_photo": "", "im_url": "https://static.nike.com/a/images/t_PDP_1728_v1/nqrgid6o8avfgkbg97se/p-6000-se-shoe-3lr0zf.jpg"}}, {"model": "product.image", "pk": 16, "fields": {"product": 4, "im_photo": "", "im_url": "https://static.nike.com/a/images/t_PDP_1728_v1/ldgib4zlbcgczjp3leiv/p-6000-se-shoe-3lr0zf.jpg"}}, {"model": "product.image", "pk": 18, "fields": {"product": 5, "im_photo": "", "im_url": "https://static.nike.com/a/images/t_PDP_1728_v1/dyx1vew6fqmf62nbnjse/air-jordan-8-retro-shoe-cVHr95.jpg"}}, {"model": "product.image", "pk": 19, "fields": {"product": 5, "im_photo": "", "im_url": "https://static.nike.com/a/images/t_PDP_1728_v1/zpx16ugubmz8yycbvipz/air-jordan-8-retro-shoe-cVHr95.jpg"}}, {"model": "product.image", "pk": 20, "fields": {"product": 5, "im_photo": "", "im_url": "https://static.nike.com/a/images/t_PDP_1728_v1/aky9q7mmplvmjvoboijb/air-jordan-8-retro-shoe-cVHr95.jpg"}}, {"model": "product.image", "pk": 28, "fields": {"product": 7, "im_photo": "", "im_url": "https://assets.adidas.com/images/w_600,f_auto,q_auto/64ef0f437ce249fe980da9fa01164284_9366/Five_Ten_Kestrel_Lace_Mountain_Bike_Shoes_Grey_BC0770_02_standard_hover.jpg"}}, {"model": "product.image", "pk": 29, "fields": {"product": 7, "im_photo": "", "im_url": "https://assets.adidas.com/images/w_600,f_auto,q_auto/12746d2167c348b2a583a9fa01169669_9366/Five_Ten_Kestrel_Lace_Mountain_Bike_Shoes_Grey_BC0770_03_standard.jpg"}}, {"model": "product.image", "pk": 30, "fields": {"product": 7, "im_photo": "", "im_url": "https://assets.adidas.com/images/w_600,f_auto,q_auto/91b253099ece4b6c8b5fa9fa0116a5a1_9366/Five_Ten_Kestrel_Lace_Mountain_Bike_Shoes_Grey_BC0770_04_standard.jpg"}}, {"model": "product.image", "pk": 31, "fields": {"product": 7, "im_photo": "", "im_url": "https://assets.adidas.com/images/w_600,f_auto,q_auto/a2b39ff910204553af50a9fa0116b3a0_9366/Five_Ten_Kestrel_Lace_Mountain_Bike_Shoes_Grey_BC0770_05_standard.jpg"}}, {"model": "product.image", "pk": 32, "fields": {"product": 8, "im_photo": "", "im_url": "https://assets.adidas.com/images/w_600,f_auto,q_auto/be2b4748ccd04e88b0e7ab1000fec081_9366/Mexico_Away_Jersey_White_GC7946_02_laydown_hover.jpg"}}, {"model": "product.image", "pk": 33, "fields": {"product": 8, "im_photo": "", "im_url": "https://assets.adidas.com/images/w_600,f_auto,q_auto/e538f94d0fd742868052ab1000fecdbb_9366/Mexico_Away_Jersey_White_GC7946_41_detail.jpg"}}, {"model": "product.image", "pk": 34, "fields": {"product": 8, "im_photo": "", "im_url": "https://assets.adidas.com/images/w_600,f_auto,q_auto/7f1492f2985841dbb59cab1000fedc44_9366/Mexico_Away_Jersey_White_GC7946_42_detail.jpg"}}, {"model": "product.image", "pk": 35, "fields": {"product": 8, "im_photo": "", "im_url": "https://assets.adidas.com/images/w_600,f_auto,q_auto/d3485a6cd3fd42c19083ab1000fee858_9366/Mexico_Away_Jersey_White_GC7946_43_detail.jpg"}}, {"model": "product.image", "pk": 36, "fields": {"product": 9, "im_photo": "", "im_url": "https://assets.adidas.com/images/w_600,f_auto,q_auto/553a939fb9a843b69947ad2800b001ce_9366/adidas_Sportswear_Future_Icons_Animal-Print_Sweatshirt_Grey_HA5695_23_hover_model.jpg"}}, {"model": "product.image", "pk": 37, "fields": {"product": 9, "im_photo": "", "im_url": "https://assets.adidas.com/images/w_600,f_auto,q_auto/8092a816ca9748d8aa1bad2800b009f4_9366/adidas_Sportswear_Future_Icons_Animal-Print_Sweatshirt_Grey_HA5695_25_model.jpg"}}, {"model": "product.image", "pk": 38, "fields": {"product": 9, "im_photo": "", "im_url": "https://assets.adidas.com/images/w_600,f_auto,q_auto/f2ca0c1e686644099869ad2800b013ea_9366/adidas_Sportswear_Future_Icons_Animal-Print_Sweatshirt_Grey_HA5695_41_detail.jpg"}}, {"model": "product.image", "pk": 39, "fields": {"product": 9, "im_photo": "", "im_url": "https://assets.adidas.com/images/w_600,f_auto,q_auto/5784566c7d6848c39461ad2800b01d29_9366/adidas_Sportswear_Future_Icons_Animal-Print_Sweatshirt_Grey_HA5695_42_detail.jpg"}}, {"model": "product.image", "pk": 40, "fields": {"product": 10, "im_photo": "", "im_url": "https://assets.adidas.com/images/w_600,f_auto,q_auto/d08addf2fc704c3d85eeacfb01099340_9366/Adicolor_Oversized_Sweatshirt_White_H11395_HM3_hover.jpg"}}, {"model": "product.image", "pk": 41, "fields": {"product": 10, "im_photo": "", "im_url": "https://assets.adidas.com/images/w_600,f_auto,q_auto/24b70dacf5164362bdecacfb0109996a_9366/Adicolor_Oversized_Sweatshirt_White_H11395_HM4.jpg"}}, {"model": "product.image", "pk": 42, "fields": {"product": 10, "im_photo": "", "im_url": "https://assets.adidas.com/images/w_600,f_auto,q_auto/7cd7b7fe381a429b9807acfb0109c016_9366/Adicolor_Oversized_Sweatshirt_White_H11395_HM5.jpg"}}, {"model": "product.image", "pk": 43, "fields": {"product": 10, "im_photo": "", "im_url": "https://assets.adidas.com/images/w_600,f_auto,q_auto/ef125aace39f4dc296c2acfb0109c670_9366/Adicolor_Oversized_Sweatshirt_White_H11395_HM6.jpg"}}, {"model": "product.image", "pk": 44, "fields": {"product": 10, "im_photo": "", "im_url": "https://assets.adidas.com/images/w_600,f_auto,q_auto/3ccf43aa929b4d2fb08bacfb0109cda8_9366/Adicolor_Oversized_Sweatshirt_White_H11395_HM7.jpg"}}, {"model": "product.image", "pk": 45, "fields": {"product": 10, "im_photo": "", "im_url": "https://assets.adidas.com/images/w_600,f_auto,q_auto/d513586296dd406aa32eacfb0109d7a9_9366/Adicolor_Oversized_Sweatshirt_White_H11395_HM8.jpg"}}, {"model": "product.productsize", "pk": 1, "fields": {"product": 1, "cl_size": null, "sh_size": 19, "color": "red", "count": 30}}, {"model": "product.productsize", "pk": 2, "fields": {"product": 2, "cl_size": null, "sh_size": 18, "color": null, "count": 20}}, {"model": "product.productsize", "pk": 3, "fields": {"product": 4, "cl_size": null, "sh_size": 16, "color": null, "count": 20}}, {"model": "product.productsize", "pk": 4, "fields": {"product": 5, "cl_size": null, "sh_size": 16, "color": "red", "count": 20}}, {"model": "product.productsize", "pk": 5, "fields": {"product": 5, "cl_size": null, "sh_size": 18, "color": "blue", "count": 15}}, {"model": "product.productsize", "pk": 6, "fields": {"product": 4, "cl_size": null, "sh_size": 20, "color": null, "count": 1}}, {"model": "product.productsize", "pk": 7, "fields": {"product": 1, "cl_size": null, "sh_size": 16, "color": "blue", "count": 1}}, {"model": "product.productsize", "pk": 8, "fields": {"product": 3, "cl_size": null, "sh_size": 15, "color": null, "count": 1}}, {"model": "product.productsize", "pk": 9, "fields": {"product": 5, "cl_size": null, "sh_size": 17, "color": null, "count": 30}}, {"model": "product.productsize", "pk": 10, "fields": {"product": 4, "cl_size": null, "sh_size": 13, "color": null, "count": 1}}, {"model": "product.productsize", "pk": 11, "fields": {"product": 1, "cl_size": null, "sh_size": 22, "color": "black", "count": 1}}, {"model": "product.productsize", "pk": 12, "fields": {"product": 2, "cl_size": null, "sh_size": 14, "color": null, "count": 1}}, {"model": "product.productsize", "pk": 13, "fields": {"product": 3, "cl_size": null, "sh_size": 14, "color": null, "count": 1}}, {"model": "product.productsize", "pk": 15, "fields": {"product": 7, "cl_size": 3, "sh_size": null, "color": null, "count": 20}}, {"model": "product.productsize", "pk": 16, "fields": {"product": 7, "cl_size": 4, "sh_size": null, "color": null, "count": 20}}, {"model": "product.productsize", "pk": 17, "fields": {"product": 8, "cl_size": 2, "sh_size": null, "color": null, "count": 1}}, {"model": "product.productsize", "pk": 18, "fields": {"product": 8, "cl_size": 5, "sh_size": null, "color": null, "count": 1}}, {"model": "product.productsize", "pk": 19, "fields": {"product": 9, "cl_size": 3, "sh_size": null, "color": null, "count": 1}}, {"model": "product.productsize", "pk": 20, "fields": {"product": 9, "cl_size": 5, "sh_size": null, "color": null, "count": 1}}, {"model": "product.productsize", "pk": 21, "fields": {"product": 9, "cl_size": 2, "sh_size": null, "color": null, "count": 1}}, {"model": "product.productsize", "pk": 22, "fields": {"product": 10, "cl_size": 3, "sh_size": null, "color": null, "count": 1}}, {"model": "product.productsize", "pk": 23, "fields": {"product": 10, "cl_size": 4, "sh_size": null, "color": null, "count": 1}}, {"model": "product.productsize", "pk": 24, "fields": {"product": 10, "cl_size": 5, "sh_size": null, "color": null, "count": 1}}, {"model": "product.productsize", "pk": 25, "fields": {"product": 10, "cl_size": 6, "sh_size": null, "color": null, "count": 1}}]